8	D	1	{1,10,46,160,520,1312,2080,1792,640}	100776960	5-6,2*5-7,2*6-7
8	D	1	{1,12,68,256,720,1472,1984,1536,512}	1612431360	6-7
8	D	1	{1,16,112,448,1120,1792,1792,1024,256}	67722117120	-
8	D	1	{1,2,0,0,70,476,1484,2592,1936}	504	1-2,2*1-3,2*1-4,2*1-6,1-7,2*2-3,2*2-4,2*2-5,2*2-7,3-6,3-7,4-5,2*4-7,2*5-6,5-7,2*6-7
8	D	1	{1,2,0,0,70,476,1484,2592,1936}	504	2*1-3,2*1-5,2*1-6,1-7,2*2-4,2*2-5,2*2-6,2*2-7,3-4,2*3-5,2*3-7,2*4-6,4-7,2*5-6,2*5-7,6-7
8	D	1	{1,2,0,10,80,426,1474,2672,1896}	24	2*1-2,2*1-3,2*1-4,1-5,1-6,1-7,2-4,2*2-5,2-6,2-7,3-4,3-5,2*3-6,4-6,4-7,5-6,5-7,6-7
8	D	1	{1,2,0,10,80,426,1474,2672,1896}	432	2*1-2,2*1-3,2*1-4,2-3,2*2-5,2-6,3-6,2*3-7,4-5,4-6,4-7,2*5-6,2*6-7
8	D	1	{1,2,0,12,82,416,1472,2688,1888}	864	2*1-2,2*1-3,1-4,2*1-7,2-4,2-5,2-6,2*3-4,3-5,2*3-6,3-7,4-5,2*5-6,5-7
8	D	1	{1,2,0,14,84,406,1470,2704,1880}	144	2*1-6,2*1-7,2-4,2*2-5,2*2-6,2*2-7,2*3-4,3-5,2*3-6,2*3-7,4-5,4-6,5-7
8	D	1	{1,2,0,14,84,406,1470,2704,1880}	168	1-2,1-4,1-5,1-7,2-3,2*2-5,2-6,2-7,3-4,2*3-5,2*3-6,4-5,2*4-6,4-7,6-7
8	D	1	{1,2,0,14,84,406,1470,2704,1880}	168	1-4,1-5,2*1-6,2*1-7,2*2-3,2-4,2-6,2-7,3-5,3-6,3-7,4-6,2*4-7,2*5-6,5-7
8	D	1	{1,2,0,16,86,396,1468,2720,1872}	216	2*1-2,2*1-3,2*1-5,1-6,2-3,2*2-4,2-6,3-4,2*3-5,4-5,2*4-6,2*4-7,5-6,2*5-7,2*6-7
8	D	1	{1,2,0,16,86,396,1468,2720,1872}	3888	1-2,2*1-3,2-3,2-4,2*2-5,2-6,2*2-7,3-4,2*3-6,3-7,2*5-6,2*5-7
8	D	1	{1,2,0,16,86,396,1468,2720,1872}	864	1-2,2*1-3,2*1-5,1-6,2*1-7,2*2-3,2-5,2*2-6,2-7,4-5,2*4-6,2*4-7,5-7,6-7
8	D	1	{1,2,0,2,72,466,1482,2608,1928}	144	1-2,1-3,1-6,1-7,2*2-3,2*2-5,2*2-6,2-7,3-5,3-7,2*4-5,4-6,4-7,2*5-6,5-7,2*6-7
8	D	1	{1,2,0,2,72,466,1482,2608,1928}	144	2*1-2,1-4,2*1-6,2*1-7,2*2-3,2-5,2-6,2*3-4,2*3-5,3-7,4-6,2*4-7,2*5-6,5-7
8	D	1	{1,2,0,2,72,466,1482,2608,1928}	48	1-2,2*1-3,2*1-6,2*1-7,2*2-3,2-4,2-5,3-4,3-5,2*3-6,2*3-7,4-5,4-7,5-6,6-7
8	D	1	{1,2,0,28,98,336,1456,2816,1824}	7776	2*1-2,1-3,1-6,2*1-7,2*2-3,2-4,2-6,2*2-7,3-4,2*3-6,3-7,2*5-6,2*5-7
8	D	1	{1,2,0,4,74,456,1480,2624,1920}	216	1-3,1-4,1-5,2*1-7,2-3,2-4,2-7,4-6,2*4-7,5-6,5-7
8	D	1	{1,2,0,4,74,456,1480,2624,1920}	96	1-2,1-3,2*1-4,2*1-5,2*2-4,2*2-5,2-6,2-7,2*3-4,2*3-5,2*3-6,2*3-7,2*4-5,4-6,2*4-7,2*5-6,5-7,6-7
8	D	1	{1,2,0,6,76,446,1478,2640,1912}	144	1-2,1-3,2*1-4,2*1-5,1-6,1-7,2-3,2-5,2*2-6,3-4,2*3-7,4-5,4-7,5-6,6-7
8	D	1	{1,2,0,6,76,446,1478,2640,1912}	144	1-2,1-3,2*1-4,2*1-5,2*1-6,2*1-7,2*2-3,2*2-5,2*2-6,2*3-4,2*3-7,2*4-5,4-7,5-6,2*6-7
8	D	1	{1,2,0,6,76,446,1478,2640,1912}	48	2*1-2,1-5,2*1-6,2*1-7,2*2-3,2-4,2*2-5,2-6,2*2-7,2*3-4,3-6,2*3-7,4-5,4-7,5-7,2*6-7
8	D	1	{1,2,0,6,76,446,1478,2640,1912}	72	1-2,2*1-3,1-5,1-7,2-4,2*2-5,2*2-6,2*3-5,2*3-6,3-7,2*4-5,4-6,2*4-7,6-7
8	D	1	{1,2,0,8,78,436,1476,2656,1904}	48	2*1-2,1-4,2*1-5,2*1-6,2*2-3,2-5,2-6,2*2-7,3-4,3-5,3-6,3-7,4-5,2*4-6
8	D	1	{1,2,10,22,122,586,1282,2288,2248}	46656	2*1-2,1-3,1-4,1-5,1-6,1-7,2-3,2-4,2-5,2-6,2-7,2*3-4,2*3-5,2*3-6,2*3-7,2*4-5,2*6-7
8	D	1	{1,2,10,22,122,586,1282,2288,2248}	46656	2*1-2,1-3,2*1-6,1-7,2-3,2*2-6,2-7,3-6,2*3-7,4-5,2*4-6,4-7,2*5-6,5-7,6-7
8	D	1	{1,2,10,34,134,526,1270,2384,2200}	23328	1-3,1-4,2*1-5,1-6,2*1-7,2*2-3,2*2-4,2-5,2*2-6,2-7,2*3-6,3-7,2*4-6,4-7,5-6,2*5-7,6-7
8	D	1	{1,2,10,40,140,496,1264,2432,2176}	62208	1-2,3-4,3-5,3-6,2*3-7,4-5,2*4-6,4-7
8	D	1	{1,2,10,46,146,466,1258,2480,2152}	46656	1-2,2*1-3,1-4,1-5,2*2-3,2-4,2-5,2*3-4,2*3-5,4-6,2*4-7,5-6,2*5-7,6-7
8	D	1	{1,2,10,58,158,406,1246,2576,2104}	46656	1-4,1-5,2-4,2-5,2*3-4,2*3-5,4-5,4-6,2*4-7,5-6,2*5-7,6-7
8	D	1	{1,2,10,64,164,376,1240,2624,2080}	93312	1-2,2*1-3,2*2-3,2*4-6,2*4-7,5-6,5-7,2*6-7
8	D	1	{1,2,12,44,150,520,1224,2368,2240}	41472	1-2,3-6,3-7,2*4-5,4-6,4-7,2*5-6,2*5-7,2*6-7
8	D	1	{1,2,12,46,152,510,1222,2384,2232}	69984	1-2,2*1-3,1-4,2*1-5,2*1-6,1-7,2-5,2-6,2*2-7,2*3-5,2*3-6,3-7,4-5,4-6,2*4-7
8	D	1	{1,2,12,64,170,420,1204,2528,2160}	139968	1-3,1-4,2*1-5,1-6,2*1-7,2-3,2*2-4,2-5,2*2-6,2-7
8	D	1	{1,2,14,58,170,494,1174,2384,2264}	46656	2*1-2,1-3,2*1-4,1-6,1-7,2*2-3,2-4,2*2-6,2*2-7,2*3-4,3-6,3-7,2*4-6,2*4-7,5-6,5-7,2*6-7
8	D	1	{1,2,16,52,170,568,1144,2240,2368}	186624	1-2,3-5,2*3-6,2*3-7,2*4-5,4-6,4-7,5-6,5-7,2*6-7
8	D	1	{1,2,18,46,170,642,1114,2096,2472}	419904	2*1-5,2*1-6,2*1-7,2-5,2-6,2-7,2*3-5,2*3-6,2*3-7,4-5,4-6,4-7,2*5-6,2*5-7,2*6-7
8	D	1	{1,2,18,64,188,552,1096,2240,2400}	839808	1-2,2*1-3,2*2-3,2*4-5,4-6,2*4-7,2*5-6,5-7,2*6-7
8	D	1	{1,2,2,10,86,470,1438,2576,1976}	1296	1-2,2*1-3,1-4,1-5,2*1-6,2*1-7,2-3,2*2-4,2*2-6,2*2-7,5-6,2*5-7
8	D	1	{1,2,2,10,86,470,1438,2576,1976}	144	1-2,2*1-3,2*1-4,1-5,2*1-6,1-7,2*2-4,2-5,2*2-7,3-4,2*3-5,2*3-6,2*4-6,4-7,5-6,2*5-7
8	D	1	{1,2,2,10,86,470,1438,2576,1976}	144	2*1-3,2*1-4,1-5,2*1-6,2*2-3,2-4,2*2-5,2-7,2*3-6,3-7,4-5,4-6,2*5-6,6-7
8	D	1	{1,2,2,12,88,460,1436,2592,1968}	288	2*1-3,2*1-5,2*1-6,2*1-7,2*2-4,2-5,2-6,2-7,3-5,2*3-6,2*3-7,2*4-5,4-6,4-7,2*6-7
8	D	1	{1,2,2,12,88,460,1436,2592,1968}	432	1-2,1-4,1-5,2*1-6,2-3,2-6,2-7,2*3-4,2*3-5,2*3-7,2*4-5,4-6,2*4-7,5-6,2*5-7,2*6-7
8	D	1	{1,2,2,14,90,450,1434,2608,1960}	144	2*1-2,1-3,1-4,2*1-5,2*1-6,2*1-7,2-3,2-4,2-6,2-7,2*3-4,2*3-5,2*4-5,2*5-6,2*6-7
8	D	1	{1,2,2,16,92,440,1432,2624,1952}	2592	1-2,2*1-3,2*1-4,1-5,2*1-7,2*2-3,2-4,2*2-5,2-7,4-5,2*4-6,5-6,6-7
8	D	1	{1,2,2,16,92,440,1432,2624,1952}	648	2*1-2,2*1-3,1-4,2*1-5,2*2-3,2-4,2*2-5,3-5,2*3-6,2*4-5,2*4-6,4-7,5-7,6-7
8	D	1	{1,2,2,18,94,430,1430,2640,1944}	144	1-3,1-4,1-5,1-6,2*1-7,2*2-3,2*2-4,2*2-5,2*2-6,2-7,3-5,2*3-7,4-5,4-6,2*5-6,5-7,6-7
8	D	1	{1,2,2,18,94,430,1430,2640,1944}	864	2*1-2,1-4,1-5,1-6,2*1-7,2*2-4,2*2-5,2*2-6,2-7,2*3-4,2*3-5,2*3-6,3-7,2*4-6,2*4-7,5-6,5-7
8	D	1	{1,2,2,20,96,420,1428,2656,1936}	288	1-2,1-3,1-4,1-5,1-6,2*2-3,2*2-4,2*2-5,2*2-6,2*3-4,3-6,3-7,4-5,2*4-7,2*5-6,5-7,2*6-7
8	D	1	{1,2,2,22,98,410,1426,2672,1928}	288	2*1-2,2*1-3,2-4,2-5,2-6,2-7,3-4,3-5,3-6,3-7,4-6,2*4-7,2*5-6,5-7
8	D	1	{1,2,22,64,200,640,1024,2048,2560}	2985984	1-2,3-4,5-6,2*5-7,2*6-7
8	D	1	{1,2,2,28,104,380,1420,2720,1904}	1296	1-3,1-4,2*1-5,1-6,2*2-3,2*2-4,2-5,2*2-6,2*3-4,2*3-5,2*3-6,3-7,4-6,4-7,2*5-7,2*6-7
8	D	1	{1,2,2,28,104,380,1420,2720,1904}	1296	2*1-2,2*1-3,2*1-4,1-5,2*1-6,2-3,2*2-4,2-5,2*2-6,2*3-4,3-5,2*3-6,5-6,2*5-7,2*6-7
8	D	1	{1,2,22,94,230,490,994,2288,2440}	699840	2*1-6,2*1-7,2*2-6,2*2-7,3-6,3-7,2*4-6,2*4-7,5-6,5-7,2*6-7
8	D	1	{1,2,2,4,80,500,1444,2528,2000}	720	1-3,2*1-4,2*1-6,1-7,2*2-3,2-4,2-6,2*2-7,2*3-4,2*3-5,3-6,4-5,4-7,2*5-6,5-7
8	D	1	{1,2,2,6,82,490,1442,2544,1992}	432	2*1-2,2*1-3,2*1-4,2*1-5,2-3,2-4,2-5,2*3-5,2*3-6,2*4-5,2*4-7,5-6,5-7,6-7
8	D	1	{1,2,28,76,230,712,904,1856,2752}	5598720	1-2,3-4,2*3-5,3-6,2*3-7,2*4-5,4-6,2*4-7,2*5-6,5-7,2*6-7
8	D	1	{1,2,4,10,92,514,1402,2480,2056}	2592	2*1-2,1-3,2*1-4,2*1-5,1-6,2*2-3,2-4,2-5,2*2-6,2*3-4,2*3-6,3-7,4-6,2*4-7,2*5-6,5-7,2*6-7
8	D	1	{1,2,4,14,96,494,1398,2512,2040}	432	1-2,2*1-3,1-4,2*1-5,2*1-6,1-7,2-3,2*2-4,2*2-5,2*2-6,2*2-7,3-5,3-6,2*4-5,2*4-6
8	D	1	{1,2,4,16,98,484,1396,2528,2032}	5184	1-3,2*1-4,1-5,2*1-6,1-7,2-3,2-4,2*2-5,2-6,2*2-7,2*4-6,4-7,5-6,2*5-7
8	D	1	{1,2,4,18,100,474,1394,2544,2024}	864	1-2,2*1-3,2*1-4,1-5,1-6,2*1-7,2*2-4,2-5,2*2-6,2-7,2*3-4,3-5,2*3-6,3-7,4-5,6-7
8	D	1	{1,2,4,18,100,474,1394,2544,2024}	864	2*1-2,2*1-3,2*1-4,2*1-5,2*1-6,2*1-7,2-3,2*2-4,2*2-5,2-6,2-7,3-4,3-5,2*3-6,2*3-7,2*4-5,2*6-7
8	D	1	{1,2,4,20,102,464,1392,2560,2016}	864	2*1-2,1-3,1-6,1-7,2-6,2-7,2*3-6,2*3-7,4-5,2*4-6,4-7,5-6,2*5-7,6-7
8	D	1	{1,2,42,154,350,630,574,1808,3000}	44089920	2*1-2,1-3,2*1-4,1-5,1-6,2*1-7,2-3,2*2-4,2-5,2-6,2*2-7,3-4,2*3-5,2*3-6,3-7,4-5,4-6,2*4-7,2*5-6,5-7,6-7
8	D	1	{1,2,4,26,108,434,1386,2608,1992}	864	1-2,2*1-3,2*1-4,1-5,1-6,2-3,2-6,2-7,2*3-6,2*3-7,2*4-5,4-6,2*4-7,2*5-6,5-7,2*6-7
8	D	1	{1,2,4,28,110,424,1384,2624,1984}	2592	1-6,1-7,2*2-3,2-4,2*2-5,2*2-6,2*2-7,3-4,2*3-5,2*3-6,2*3-7,4-5,2*4-6,2*4-7
8	D	1	{1,2,4,30,112,414,1382,2640,1976}	864	1-3,2*1-4,1-5,1-6,1-7,2*2-6,2*2-7,3-4,2*3-5,4-6,4-7,2*5-6,2*5-7,6-7
8	D	1	{1,2,4,40,122,364,1372,2720,1936}	7776	1-5,2*1-6,2*1-7,2*2-5,2-6,2-7,2*3-4,2*3-5,3-6,3-7,4-5,2*4-6,2*4-7,2*5-6,5-7
8	D	1	{1,2,6,12,100,548,1364,2400,2128}	7776	1-2,1-3,2*1-4,2*1-7,2*2-3,2-4,2-7,2*3-4,3-5,2*3-6,3-7,2*4-5,4-6,2*4-7,5-6,5-7,2*6-7
8	D	1	{1,2,6,18,106,518,1358,2448,2104}	5184	1-2,2*1-3,1-4,2*1-5,2*1-6,1-7,2*2-4,2-5,2-6,2*2-7,3-4,2*3-5,2*3-6,3-7,4-5,2*4-6,4-7,5-6,2*5-7,6-7
8	D	1	{1,2,6,18,106,518,1358,2448,2104}	5184	1-4,2*1-5,1-6,2*1-7,2*2-3,2-4,2*2-5,2-6,2*2-7,2*3-4,3-5,2*3-6,3-7,2*4-5,2*6-7
8	D	1	{1,2,6,20,108,508,1356,2464,2096}	5184	2*1-2,1-3,1-4,1-5,1-6,1-7,2-3,2-4,2-5,2*2-6,2*2-7,2*3-4,2*3-5,3-6,3-7,2*4-5,6-7
8	D	1	{1,2,6,22,110,498,1354,2480,2088}	7776	1-4,1-5,1-6,1-7,2-4,2-5,2-6,2-7,2*3-4,2*3-5,2*3-6,2*3-7,2*4-5,4-6,5-7,2*6-7
8	D	1	{1,2,6,26,114,478,1350,2512,2072}	5184	2*1-2,2*1-3,2-4,2*2-5,2*2-6,2-7,3-4,2*3-5,2*3-6,3-7,4-5,2*4-6,4-7,5-6,2*5-7,6-7
8	D	1	{1,2,6,28,116,468,1348,2528,2064}	11664	1-3,2*1-4,2*1-5,1-6,1-7,2-3,2-4,2-5,2*2-6,2*2-7,4-5,2*4-6,2*5-6
8	D	1	{1,2,6,30,118,458,1346,2544,2056}	15552	1-2,2*1-3,1-4,2*1-5,2*1-6,1-7,2*2-4,2-5,2-6,2*2-7,3-4,2*3-5,2*3-6,3-7,4-6,2*4-7,2*5-6,5-7
8	D	1	{1,2,6,34,122,438,1342,2576,2040}	2592	2*1-5,1-6,2*1-7,2-5,2*2-6,2-7,2*3-5,3-6,2*3-7,2*4-5,4-6,4-7,5-7,6-7
8	D	1	{1,2,6,38,126,418,1338,2608,2024}	2592	2*1-3,2*1-4,2-3,2-4,3-5,2*3-6,2*3-7,4-5,2*4-6,2*4-7,5-6,2*5-7,6-7
8	D	1	{1,2,6,52,140,348,1324,2720,1968}	46656	2*1-2,1-3,2*1-4,1-7,2*2-3,2-4,2*2-7,3-5,2*3-6,2*3-7,2*4-5,4-6,4-7,5-6,2*5-7,6-7
8	D	1	{1,2,6,64,152,288,1312,2816,1920}	373248	1-2,2*1-3,2*2-3,2*4-5,4-6,2*4-7,5-6,5-7
8	D	1	{1,2,8,28,122,512,1312,2432,2144}	7776	2*1-4,1-5,2*1-6,2-4,2*2-5,2-6,2*3-4,3-5,2*3-6,2*4-5,4-7,2*5-7,2*6-7
8	D	1	{1,2,8,34,128,482,1306,2480,2120}	3888	1-6,1-7,2*2-3,2-4,2-5,2-6,2-7,3-4,3-5,3-6,3-7,2*4-5,2*4-6,2*4-7,5-6,5-7,6-7
8	D	1	{1,2,8,36,130,472,1304,2496,2112}	34560	1-2,2*3-5,3-6,3-7,4-5,2*4-6,4-7,5-7,6-7
8	D	1	{1,2,8,52,146,392,1288,2624,2048}	23328	2*1-2,1-3,1-4,1-5,2*1-6,2*2-3,2*2-4,2*2-5,2-6,3-4,3-5,2*3-6,2*4-5,2*4-7,2*5-7,2*6-7
8	D	1	{1,4,10,24,162,732,1676,2336,1616}	186624	2*2-3,2-4,2*2-5,2*2-6,2-7,2*3-4,3-5,3-6,2*3-7,2*4-5,4-6,2*4-7,2*5-6,5-7
8	D	1	{1,4,10,24,162,732,1676,2336,1616}	186624	2-3,2*2-4,2*2-5,2*2-6,2-7,3-4,3-5,3-6,2*3-7,2*4-5,6-7
8	D	1	{1,4,10,40,178,652,1660,2464,1552}	186624	2-3,2*2-4,2-5,2-6,2*2-7,3-4,2*3-5,2*3-6,3-7,2*4-5,2*6-7
8	D	1	{1,4,10,48,186,612,1652,2528,1520}	62208	2*2-4,2-5,3-4,2*3-5,4-6,2*4-7,2*5-6,5-7,2*6-7
8	D	1	{1,4,10,52,190,592,1648,2560,1504}	139968	2*2-3,2-4,2*2-5,2*2-6,2-7,3-4,3-5,3-6,2*3-7
8	D	1	{1,4,12,52,196,636,1612,2464,1584}	46656	2*2-3,2-4,2-5,2-6,2*3-4,2*3-5,2*3-6,4-5,4-6,2*5-6,5-7,6-7
8	D	1	{1,4,12,64,208,576,1600,2560,1536}	1990656	2-3,2*4-5,4-6,2*4-7,5-6,5-7
8	D	1	{1,4,16,52,208,724,1540,2272,1744}	839808	2*2-5,2*2-6,2*2-7,3-5,3-6,3-7,2*4-5,2*4-6,2*4-7,2*5-6,2*5-7,2*6-7
8	D	1	{1,4,16,72,228,624,1520,2432,1664}	497664	2-3,2*4-6,2*4-7,5-6,5-7,2*6-7
8	D	1	{1,4,16,88,244,544,1504,2560,1600}	1679616	2-3,2*2-4,2*3-4,5-6,2*5-7,2*6-7
8	D	1	{1,4,18,88,250,588,1468,2464,1680}	559872	2*2-6,2*2-7,3-6,3-7,2*4-6,2*4-7,5-6,5-7,2*6-7
8	D	1	{1,4,24,88,268,720,1360,2176,1920}	4478976	2-3,2*4-5,4-6,2*4-7,2*5-6,5-7,2*6-7
8	D	1	{1,4,28,96,288,768,1280,2048,2048}	47775744	2-3,4-5,6-7
8	D	1	{1,4,34,160,370,580,1108,2272,2032}	25194240	2-3,2*2-4,2-5,2*2-6,2*2-7,3-4,2*3-5,3-6,3-7,4-5,2*4-6,2*4-7,5-6,5-7,2*6-7
8	D	1	{1,4,4,0,120,720,1808,2432,1472}	34560	2-3,2-5,2*2-7,3-5,3-6,3-7,4-5,2*4-6,4-7,2*6-7
8	D	1	{1,4,4,12,132,660,1796,2528,1424}	1728	2*2-3,2*2-6,2*2-7,2*3-4,2*3-5,2*3-6,2*3-7,2*4-5,4-6,5-7
8	D	1	{1,4,4,16,136,640,1792,2560,1408}	10368	2-3,2-4,2-5,2*2-7,2*3-4,3-5,2*3-6,2*4-6,4-7,2*5-6,2*5-7
8	D	1	{1,4,4,16,136,640,1792,2560,1408}	124416	2-3,2-4,2-5,2*2-6,3-4,2*3-5,3-6,5-6,5-7,6-7
8	D	1	{1,4,4,16,136,640,1792,2560,1408}	6912	2*2-3,2*2-4,2*2-5,2-6,2*3-4,2*3-6,3-7,4-5,2*4-7,2*5-6,2*5-7,2*6-7
8	D	1	{1,4,4,4,124,700,1804,2464,1456}	15552	2*2-3,2*2-4,2-5,2*2-6,2-7,2*3-5,3-7,4-6,4-7,2*5-6
8	D	1	{1,4,6,16,142,684,1756,2464,1488}	10368	2*2-4,2*2-5,2*2-6,2*2-7,3-4,3-5,3-6,3-7,2*4-6,4-7,5-6,2*5-7
8	D	1	{1,4,6,24,150,644,1748,2528,1456}	3456	2-3,2*2-4,2*2-5,2*2-6,2*2-7,3-4,3-5,3-6,3-7,2*4-5,4-6,5-7,2*6-7
8	D	1	{1,4,6,28,154,624,1744,2560,1440}	15552	2*2-4,2-5,2*2-6,3-4,2*3-5,3-6,4-5,2*4-6,2*5-6,2*5-7,2*6-7
8	D	1	{1,4,8,24,156,688,1712,2432,1536}	20736	2-3,2-4,2*2-5,2*2-6,2*3-4,3-5,3-6,4-5,4-7,2*5-7,6-7
8	D	1	{1,4,8,36,168,628,1700,2528,1488}	10368	2*2-6,2*2-7,2*3-4,3-5,3-6,3-7,4-5,2*4-6,2*4-7,5-6,5-7,2*6-7
8	D	1	{1,4,8,40,172,608,1696,2560,1472}	62208	2*2-4,2-5,2-6,2-7,3-4,2*3-5,2*3-6,2*3-7,2*4-5,4-6,2*5-6,6-7
8	D	1	{1,6,12,28,210,912,2032,2304,1056}	155520	2*3-5,3-6,3-7,4-5,2*4-6,4-7,5-7,6-7
8	D	1	{1,6,14,40,228,896,1984,2304,1088}	279936	3-4,3-5,3-6,2*3-7,4-5,2*4-6,4-7
8	D	1	{1,6,16,52,246,880,1936,2304,1120}	186624	3-6,3-7,2*4-5,4-6,4-7,2*5-6,2*5-7,2*6-7
8	D	1	{1,6,20,76,282,848,1840,2304,1184}	839808	3-5,2*3-6,2*3-7,2*4-5,4-6,4-7,5-6,5-7,2*6-7
8	D	1	{1,6,26,112,336,800,1696,2304,1280}	6718464	3-4,5-6,2*5-7,2*6-7
8	D	1	{1,6,32,148,390,752,1552,2304,1376}	25194240	3-4,2*3-5,3-6,2*3-7,2*4-5,4-6,2*4-7,2*5-6,5-7,2*6-7
8	D	1	{1,8,24,64,320,1152,2176,2048,768}	17915904	2*4-5,4-6,2*4-7,5-6,5-7
8	D	1	{1,8,28,88,356,1120,2080,2048,832}	4478976	2*4-6,2*4-7,5-6,5-7,2*6-7
8	D	1	{1,8,36,136,428,1056,1888,2048,960}	40310784	2*4-5,4-6,2*4-7,2*5-6,5-7,2*6-7
8	D	1	{1,8,40,160,464,1024,1792,2048,1024}	143327232	4-5,6-7
8	D	2	{1,0,10,16,94,396,988,2144,2912}	2304	0-1,2-3,2*2-4,2*2-5,2*2-6,2*2-7,3-4,3-5,3-6,3-7,2*4-5,4-6,5-7,2*6-7
8	D	2	{1,0,10,20,82,440,888,2240,2880}	10368	0-1,2*2-4,2-5,2*2-6,3-4,2*3-5,3-6,4-5,2*4-6,2*5-6,2*5-7,2*6-7
8	D	2	{1,0,10,40,102,340,868,2400,2800}	15552	0-1,2*0-2,2*1-2,3-6,3-7,2*4-5,4-6,4-7,2*5-6,2*5-7,2*6-7
8	D	2	{1,0,10,8,118,308,1188,1952,2976}	6912	0-1,2*2-4,2*2-5,2*2-6,2*2-7,3-4,3-5,3-6,3-7,2*4-6,4-7,5-6,2*5-7
8	D	2	{1,0,12,20,104,420,948,2080,2976}	6912	0-1,2*2-6,2*2-7,2*3-4,3-5,3-6,3-7,4-5,2*4-6,2*4-7,5-6,5-7,2*6-7
8	D	2	{1,0,12,24,92,464,848,2176,2944}	41472	0-1,2*2-4,2-5,2-6,2-7,3-4,2*3-5,2*3-6,2*3-7,2*4-5,4-6,2*5-6,6-7
8	D	2	{1,0,12,40,108,384,832,2304,2880}	746496	2*0-1,0-2,2*0-3,2*1-2,1-3,2*2-3,2*4-5,4-6,2*4-7,5-6,5-7
8	D	2	{1,0,12,8,140,288,1248,1792,3072}	13824	0-1,2-3,2-4,2*2-5,2*2-6,2*3-4,3-5,3-6,4-5,4-7,2*5-7,6-7
8	D	2	{1,0,14,0,186,180,1508,1440,3232}	124416	0-1,2*2-3,2-4,2*2-5,2*2-6,2-7,2*3-4,3-5,3-6,2*3-7,2*4-5,4-6,2*4-7,2*5-6,5-7
8	D	2	{1,0,14,0,186,180,1508,1440,3232}	124416	0-1,2-3,2*2-4,2*2-5,2*2-6,2-7,3-4,3-5,3-6,2*3-7,2*4-5,6-7
8	D	2	{1,0,14,16,138,356,1108,1824,3104}	124416	0-1,2-3,2*2-4,2-5,2-6,2*2-7,3-4,2*3-5,2*3-6,3-7,2*4-5,2*6-7
8	D	2	{1,0,14,24,114,444,908,2016,3040}	41472	0-1,2*2-4,2-5,3-4,2*3-5,4-6,2*4-7,2*5-6,5-7,2*6-7
8	D	2	{1,0,14,28,102,488,808,2112,3008}	93312	0-1,2*2-3,2-4,2*2-5,2*2-6,2-7,3-4,3-5,3-6,2*3-7
8	D	2	{1,0,14,40,114,428,796,2208,2960}	69984	0-1,2*0-2,2*1-2,3-5,2*3-6,2*3-7,2*4-5,4-6,4-7,5-6,5-7,2*6-7
8	D	2	{1,0,16,20,148,380,1068,1760,3168}	31104	0-1,2*2-3,2-4,2-5,2-6,2*3-4,2*3-5,2*3-6,4-5,4-6,2*5-6,5-7,6-7
8	D	2	{1,0,16,32,112,512,768,2048,3072}	2654208	0-1,2-3,2*4-5,4-6,2*4-7,5-6,5-7
8	D	2	{1,0,16,32,160,320,1056,1856,3120}	186624	2*0-1,0-2,2*0-3,2*1-2,1-3,2*2-3,2*4-6,2*4-7,5-6,5-7,2*6-7
8	D	2	{1,0,20,24,180,384,1088,1536,3328}	663552	0-1,2-3,2*4-6,2*4-7,5-6,5-7,2*6-7
8	D	2	{1,0,20,40,132,560,688,1920,3200}	1119744	0-1,2-3,2*2-4,2*3-4,5-6,2*5-7,2*6-7
8	D	2	{1,0,20,4,240,164,1588,1056,3488}	559872	0-1,2*2-5,2*2-6,2*2-7,3-5,3-6,3-7,2*4-5,2*4-6,2*4-7,2*5-6,2*5-7,2*6-7
8	D	2	{1,0,22,32,178,452,948,1568,3360}	373248	0-1,2*2-6,2*2-7,3-6,3-7,2*4-6,2*4-7,5-6,5-7,2*6-7
8	D	2	{1,0,24,16,264,192,1504,960,3600}	3359232	2*0-1,0-2,2*0-3,2*1-2,1-3,2*2-3,2*4-5,4-6,2*4-7,2*5-6,5-7,2*6-7
8	D	2	{1,0,26,40,150,692,580,1632,3440}	2099520	0-1,2*0-2,2*1-2,3-4,2*3-5,3-6,2*3-7,2*4-5,4-6,2*4-7,2*5-6,5-7,2*6-7
8	D	2	{1,0,28,8,316,128,1728,512,3840}	5971968	0-1,2-3,2*4-5,4-6,2*4-7,2*5-6,5-7,2*6-7
8	D	2	{1,0,32,0,384,0,2048,0,4096}	127401984	0-1,2-3,4-5,6-7
8	D	2	{1,0,38,40,330,380,1228,480,4064}	16796160	0-1,2-3,2*2-4,2-5,2*2-6,2*2-7,3-4,2*3-5,3-6,3-7,4-5,2*4-6,2*4-7,5-6,5-7,2*6-7
8	D	2	{1,0,4,56,100,128,960,2816,2496}	82944	2*0-1,0-2,2*0-3,1-2,1-3,2*4-6,2*4-7,5-6,5-7,2*6-7
8	D	2	{1,0,6,40,90,252,940,2592,2640}	12960	0-1,2*0-2,2*1-2,2*3-5,3-6,3-7,4-5,2*4-6,4-7,5-7,6-7
8	D	2	{1,0,8,0,120,240,1328,1920,2944}	23040	0-1,2-3,2-5,2*2-7,3-5,3-6,3-7,4-5,2*4-6,4-7,2*6-7
8	D	2	{1,0,8,12,84,372,1028,2208,2848}	1152	0-1,2*2-3,2*2-6,2*2-7,2*3-4,2*3-5,2*3-6,2*3-7,2*4-5,4-6,5-7
8	D	2	{1,0,8,16,72,416,928,2304,2816}	4608	0-1,2*2-3,2*2-4,2*2-5,2-6,2*3-4,2*3-6,3-7,4-5,2*4-7,2*5-6,2*5-7,2*6-7
8	D	2	{1,0,8,16,72,416,928,2304,2816}	6912	0-1,2-3,2-4,2-5,2*2-7,2*3-4,3-5,2*3-6,2*4-6,4-7,2*5-6,2*5-7
8	D	2	{1,0,8,16,72,416,928,2304,2816}	82944	0-1,2-3,2-4,2-5,2*2-6,3-4,2*3-5,3-6,5-6,5-7,6-7
8	D	2	{1,0,8,40,96,296,904,2496,2720}	23328	0-1,2*0-2,2*1-2,3-4,3-5,3-6,2*3-7,4-5,2*4-6,4-7
8	D	2	{1,0,8,4,108,284,1228,2016,2912}	10368	0-1,2*2-3,2*2-4,2-5,2*2-6,2-7,2*3-5,3-7,4-6,4-7,2*5-6
8	D	2	{1,0,8,48,120,192,992,2496,2704}	41472	2*0-2,2*0-3,1-2,1-3,2*2-3,2*4-6,2*4-7,5-6,5-7,2*6-7
8	D	3	{1,0,0,64,96,0,1024,3072,2304}	663552	2*0-1,0-2,2*0-3,1-2,1-3,2*4-5,4-6,2*4-7,5-6,5-7
8	I	2	{1,0,10,10,108,346,1114,2016,2956}	7776	0-1,0-2,2*0-3,2*0-5,2*0-6,2*1-2,1-3,2*1-5,2*1-6,2-3,2*2-5,2*2-6,3-5,3-6,4-5,4-6,4-7,2*5-7,2*6-7
8	I	2	{1,0,10,10,72,490,898,2160,2920}	7776	2*0-3,2*0-4,2*0-5,2*0-6,2*1-3,2*1-4,2*1-5,2*1-6,2-3,2-4,2-5,2-6,3-4,3-7,4-7,5-6,2*5-7,2*6-7
8	I	2	{1,0,10,14,124,278,1182,2000,2952}	3888	0-3,0-4,0-5,0-6,2*0-7,1-3,1-4,1-5,1-6,2*1-7,2*2-3,2*2-4,2*2-5,2*2-6,2-7,2*3-4,3-6,2*3-7,4-6,2*4-7,2*5-6,5-7,6-7
8	I	2	{1,0,10,14,88,422,966,2144,2916}	7776	2*0-4,2*0-5,1-2,2*1-3,2*1-4,2*1-5,2*2-3,2*2-4,2*2-5,3-4,3-5,4-5,4-6,2*4-7,5-6,2*5-7,6-7
8	I	2	{1,0,10,16,114,316,1108,2064,2932}	3888	0-4,0-5,0-6,2*1-4,2*1-5,2*1-6,2*2-3,2-4,2-5,2-6,2*2-7,3-4,3-5,3-6,2*3-7,2*4-5,2*4-6,2*5-6
8	I	2	{1,0,10,20,94,392,960,2192,2892}	3888	0-1,2*0-2,0-4,0-5,2*1-2,1-4,1-5,2*2-4,2*2-5,3-6,3-7,4-5,4-6,4-7,5-6,5-7,2*6-7
8	I	2	{1,0,10,2,112,338,1194,1904,3000}	3888	0-3,0-4,2*0-5,2*0-6,0-7,1-3,1-4,2*1-5,2*1-6,1-7,2*2-3,2*2-4,2-5,2-6,2*2-7,2*3-4,2*3-7,2*4-7,5-6,2*5-7,2*6-7
8	I	2	{1,0,10,2,148,194,1410,1760,3036}	7776	2*0-1,2*0-2,0-3,0-4,0-5,2*1-2,1-3,2*1-4,2*1-5,2-3,2*2-4,2*2-5,3-4,3-5,2*4-5,4-6,2*4-7,5-6,2*5-7,6-7
8	I	2	{1,0,10,2,148,194,1410,1760,3036}	7776	2*0-1,2*0-2,0-3,0-4,2*0-5,0-6,2*0-7,1-4,2*1-5,1-6,2*1-7,2-4,2*2-5,2-6,2*2-7,2*3-4,3-5,2*3-6,3-7,4-5,6-7
8	I	2	{1,0,10,26,100,362,954,2240,2868}	3888	2*0-3,0-4,0-5,0-6,0-7,1-6,1-7,2*2-6,2*2-7,3-4,3-5,2*3-6,2*3-7,2*4-5,4-6,4-7,5-6,5-7
8	I	2	{1,0,10,38,112,302,942,2336,2820}	3888	2*0-6,2*0-7,2*1-6,2*1-7,2-6,2-7,3-4,3-5,3-6,3-7,4-5,2*4-6,2*4-7,2*5-6,2*5-7,6-7
8	I	2	{1,0,10,58,120,250,850,2544,2728}	23328	2*0-1,0-2,2*0-5,2*0-6,0-7,1-2,2*1-5,2*1-6,1-7,2-5,2-6,2*2-7,2*3-4,3-5,3-6,3-7,4-5,4-6,4-7,5-6
8	I	2	{1,0,10,8,82,452,972,2096,2940}	3888	2*0-1,0-2,0-5,0-6,1-2,1-5,1-6,2*2-5,2*2-6,3-4,3-5,3-6,3-7,4-5,4-6,4-7,5-6
8	I	2	{1,0,10,8,82,452,972,2096,2940}	3888	2*0-3,2*0-4,0-5,0-6,2*1-3,2*1-4,1-5,1-6,2-3,2-4,2*2-5,2*2-6,2*3-4,2*3-7,2*4-7,2*5-6
8	I	2	{1,0,12,16,120,360,1072,1968,3012}	11664	0-1,2*0-2,0-3,0-4,2*0-5,2*0-7,2*1-2,1-3,1-4,2*1-5,2*1-7,2*2-3,2*2-4,2-5,2-7,2*3-4,3-5,3-6,2*3-7,4-5,4-6,2*4-7,2*5-6,5-7,2*6-7
8	I	2	{1,0,12,16,120,360,1072,1968,3012}	15552	0-4,0-5,0-6,0-7,2*1-4,2*1-5,2*1-6,2*1-7,2*2-4,2*2-5,2*2-6,2*2-7,3-4,3-5,3-6,3-7,2*4-6,4-7,5-6,2*5-7
8	I	2	{1,0,12,16,84,504,856,2112,2976}	23328	2*0-1,0-2,0-6,2*0-7,2*1-2,2*1-6,1-7,2-6,2*2-7,3-4,2*3-5,2*3-6,2*3-7,4-5,4-6,4-7,2*5-6,2*5-7
8	I	2	{1,0,12,22,90,474,850,2160,2952}	23328	0-4,0-5,2*0-7,2*1-4,2*1-5,1-7,2-4,2-5,2*2-7,2*3-4,2*3-5,3-7,2*4-6,4-7,5-6,5-7
8	I	2	{1,0,12,32,112,376,912,2192,2924}	5184	0-1,2*0-2,0-3,0-4,0-5,0-6,0-7,1-2,2*1-3,2*1-4,2*1-5,2*1-6,2*1-7,2-3,2-4,2-5,2-6,2-7,2*3-4,2*3-5,2*3-6,2*3-7,2*4-5,4-6,5-7,2*6-7
8	I	2	{1,0,12,52,120,324,820,2400,2832}	69984	0-1,2*0-2,2*0-3,2*0-4,0-5,0-7,2*1-2,2*1-3,2*1-4,1-5,1-7,2-3,2-4,2*2-5,2*2-7,2*3-4,3-5,3-6,4-5,4-6,2*5-6,6-7
8	I	2	{1,0,14,20,142,336,1104,1856,3088}	15552	0-1,2*0-2,0-3,2*0-6,2*0-7,1-2,2*1-3,1-6,1-7,2-3,2*2-6,2*2-7,3-6,3-7,4-5,4-6,2*4-7,2*5-6,5-7,6-7
8	I	2	{1,0,14,22,132,374,1030,1920,3068}	34992	0-3,0-4,0-5,1-3,1-4,1-5,2*2-3,2*2-4,2*2-5,3-4,3-5,3-6,2*3-7,4-5,4-6,2*4-7,5-6,2*5-7,6-7
8	I	2	{1,0,14,26,112,450,882,2048,3028}	7776	0-1,2*0-2,0-3,2*0-4,2*0-5,2*0-6,2*0-7,1-2,2*1-3,1-4,1-5,1-6,1-7,2-3,2*2-4,2*2-5,2*2-6,2*2-7,3-4,3-5,3-6,3-7,4-7,2*5-6,5-7,6-7
8	I	2	{1,0,14,40,150,284,1012,2064,2996}	69984	0-3,0-4,2*0-5,2*0-6,0-7,1-3,1-4,2*1-5,2*1-6,1-7,2*2-3,2*2-4,2-5,2-6,2*2-7,3-4,2*3-5,2*4-5,6-7
8	I	2	{1,0,14,4,114,464,1048,1776,3140}	69984	0-1,0-2,2*0-3,2*0-4,0-5,2*0-6,2*0-7,2*1-2,1-3,1-4,2*1-5,1-6,1-7,2-3,2-4,2*2-5,2-6,2-7,2*3-4,3-5,4-5,6-7
8	I	2	{1,0,14,4,114,464,1048,1776,3140}	69984	2*0-1,0-2,2*0-3,2*0-4,0-5,0-6,0-7,2*1-2,1-3,1-4,2*1-5,2*1-6,2*1-7,2*2-3,2*2-4,2-5,2-6,2-7,3-4,2*3-5,2*4-5,2*6-7
8	I	2	{1,0,14,4,186,176,1480,1488,3212}	69984	0-1,2*0-2,2*0-3,0-4,2*0-5,2*0-6,0-7,1-2,1-3,2*1-4,1-5,1-6,2*1-7,2*2-3,2-4,2*2-5,2*2-6,2-7,3-6,2*3-7,2*4-6,4-7,5-6,2*5-7,2*6-7
8	I	2	{1,0,14,52,126,368,784,2304,2912}	46656	2*0-4,0-5,2*0-6,0-7,1-4,2*1-5,1-6,2*1-7,2*2-4,2-5,2*2-6,2-7,3-4,2*3-5,3-6,2*3-7,4-5,4-6,2*5-6,6-7
8	I	2	{1,0,16,20,112,524,852,1904,3132}	46656	2*0-1,0-2,2*0-3,0-6,0-7,2*1-2,1-3,2*1-6,2*1-7,2*2-3,2-6,2-7,2*3-6,2*3-7,4-6,4-7,5-6,5-7,6-7
8	I	2	{1,0,16,40,156,328,976,1968,3076}	93312	2*0-1,0-2,2*0-3,0-5,0-6,2*1-2,1-3,2*1-5,2*1-6,2*2-3,2-5,2-6,2*3-5,2*3-6,4-5,4-6,2*4-7,5-7,6-7
8	I	2	{1,0,16,56,148,344,816,2192,2988}	93312	2*0-4,2*0-5,1-4,1-5,2*2-4,2*2-5,3-4,3-5,4-5,4-6,2*4-7,5-6,2*5-7,6-7
8	I	2	{1,0,16,8,172,296,1296,1520,3252}	93312	0-1,2*0-2,0-3,0-4,0-5,0-6,0-7,1-2,2*1-3,2*1-4,2*1-5,2*1-6,2*1-7,2-3,2-4,2-5,2-6,2-7,2*3-4,2*3-5,2*3-6,2*3-7,2*4-5,4-6,4-7,5-6,5-7,2*6-7
8	I	2	{1,0,16,8,172,296,1296,1520,3252}	93312	0-1,2*0-2,0-3,0-4,0-5,2*0-6,0-7,1-2,2*1-3,2*1-4,2*1-5,1-6,2*1-7,2-3,2-4,2-5,2*2-6,2-7,2*3-4,2*3-5,3-6,2*3-7,2*4-6,4-7,2*5-6,5-7,6-7
8	I	2	{1,0,18,34,156,402,946,1824,3180}	69984	0-1,0-2,2*0-3,2*0-4,2*0-5,2*0-6,2*1-2,1-3,1-4,1-5,1-6,2-3,2-4,2-5,2-6,2*3-4,2*3-5,2*3-6,2*4-7,2*5-7,2*6-7
8	I	2	{1,0,2,0,38,364,1052,2464,2640}	72	0-2,0-3,0-4,0-5,0-6,0-7,2*1-2,2*1-3,2*1-4,2*1-5,2*1-6,2*1-7,2-3,2*2-4,2-5,2*2-6,3-4,2*3-5,2*3-7,4-7,5-6,2*6-7
8	I	2	{1,0,2,0,38,364,1052,2464,2640}	72	0-2,0-3,0-4,0-5,0-6,0-7,2*1-2,2*1-3,2*1-4,2*1-5,2*1-6,2*1-7,2-3,2-4,2*2-7,3-5,2*3-6,2*4-5,4-6,2*4-7,2*5-6,5-7
8	I	2	{1,0,2,0,42,348,1076,2448,2644}	24	0-1,0-2,0-3,0-4,2*0-5,2*0-7,2*1-2,2*1-3,2*1-4,1-5,1-7,2*2-3,3-4,3-5,2*3-6,2*3-7,4-6,4-7,2*5-6,5-7,6-7
8	I	2	{1,0,2,0,42,348,1076,2448,2644}	48	0-1,0-2,2*0-3,2*0-4,0-5,2*1-2,1-3,1-4,2*1-5,2*2-4,2-6,3-4,3-5,3-6,2*4-5,2*4-6,2*4-7,5-7,2*6-7
8	I	2	{1,0,2,0,42,348,1076,2448,2644}	48	2*0-1,0-2,0-3,0-5,0-7,2*1-2,2*1-3,2*1-5,2*1-7,2*2-3,2*2-4,2*2-5,2*2-6,2*2-7,2*3-4,3-5,2*3-6,3-7,2*4-5,2*4-6,2*6-7
8	I	2	{1,0,2,0,50,316,1124,2416,2652}	48	0-1,0-2,0-3,0-4,0-5,2*0-6,2*0-7,2*1-2,2*1-3,1-4,1-5,2*1-6,2*1-7,2-4,2*2-5,2-6,2*2-7,3-4,2*3-5,3-6,2*3-7,2*4-5,2*4-6,2*5-7,2*6-7
8	I	2	{1,0,2,0,50,316,1124,2416,2652}	48	2*0-1,0-2,0-3,2*0-4,2*0-5,0-6,0-7,2*1-2,2*1-3,2*1-4,2*1-5,1-6,1-7,2-4,2*2-5,2-6,2*2-7,3-4,2*3-5,3-6,2*3-7,4-5,4-6,5-7,6-7
8	I	2	{1,0,2,0,50,316,1124,2416,2652}	48	2*0-1,0-2,0-3,2*0-4,2*0-6,2*1-2,2*1-3,2*1-4,2*1-6,2*2-4,2-5,2*3-4,3-5,4-5,2*4-6,2*4-7,2*5-6,5-7,2*6-7
8	I	2	{1,0,2,0,50,316,1124,2416,2652}	48	2*0-1,0-2,0-3,2*0-5,2*0-6,2*1-2,2*1-3,1-4,1-5,2*1-6,2*2-4,2-5,2*3-4,3-5,4-6,2*4-7,5-6,5-7,2*6-7
8	I	2	{1,0,2,0,54,300,1148,2400,2656}	24	2*0-1,0-2,0-3,2*0-4,0-6,2*1-2,2*1-3,1-4,2*1-6,2-3,2-4,2*2-5,2-6,2*2-7,3-4,2*3-7,2*4-5,2*4-6,2*4-7,2*5-6,2*5-7,6-7
8	I	2	{1,0,2,0,54,300,1148,2400,2656}	24	2*0-1,2*0-2,2*0-3,0-4,0-6,1-2,1-3,2*1-4,2*1-6,2-3,2-5,2*2-6,2-7,3-6,3-7,4-5,4-6,4-7,2*5-6,5-7,6-7
8	I	2	{1,0,2,0,54,300,1148,2400,2656}	96	0-1,0-2,0-3,2*0-4,2*0-5,2*1-2,2*1-3,1-4,1-5,2-3,2-5,2*2-7,3-4,3-7,4-5,4-6,2*5-6,6-7
8	I	2	{1,0,2,0,54,300,1148,2400,2656}	96	0-1,2*0-2,2*0-4,2*0-5,0-6,1-2,1-4,1-5,2*1-6,2-3,2*2-5,2-6,2-7,3-4,2*3-5,3-6,2*3-7,4-5,4-6,2*6-7
8	I	2	{1,0,20,58,150,470,670,2064,3128}	349920	0-2,2*0-3,2*0-4,0-5,2*0-6,0-7,1-2,1-3,1-4,2*1-5,1-6,2*1-7
8	I	2	{1,0,2,0,66,252,1220,2352,2668}	144	0-1,0-3,0-4,0-5,2*1-3,2*1-4,2*1-5,2*2-3,2-4,2-5,2*2-6,2*2-7,2*3-4,2*3-5,3-6,3-7,2*4-6,2*5-7
8	I	2	{1,0,2,0,66,252,1220,2352,2668}	144	0-3,0-4,0-5,0-7,2*1-3,2*1-4,2*1-5,2*1-7,2*2-3,2-4,2-5,2-6,2*2-7,2*3-6,2*3-7,4-5,2*4-6,4-7
8	I	2	{1,0,2,0,66,252,1220,2352,2668}	24	2*0-1,2*0-2,0-3,0-4,0-5,2*1-2,1-3,2*1-4,1-5,1-7,2*2-3,2*2-4,2*2-7,3-4,3-7,2*4-5,4-6,4-7,2*5-6,5-7,6-7
8	I	2	{1,0,2,0,66,252,1220,2352,2668}	24	2*0-1,2*0-6,2*0-7,1-2,2*1-3,1-4,1-5,1-6,1-7,2-3,2-4,2-5,2*2-6,2*2-7,2*3-4,2*3-5,3-6,3-7,2*4-6,4-7,5-6,2*5-7,6-7
8	I	2	{1,0,2,0,66,252,1220,2352,2668}	48	0-2,2*0-3,0-4,0-6,1-2,2*1-3,2*1-4,2*1-5,1-6,2*2-5,2*2-6,3-5,3-6,4-5,2*4-7,5-6,5-7,6-7
8	I	2	{1,0,2,0,66,252,1220,2352,2668}	48	2*0-1,2*0-2,0-3,2*0-4,2*0-5,2*0-6,1-2,2*1-3,2*1-4,1-6,2-5,2*2-6,2*3-5,3-6,2*4-5,4-7,2*5-7,6-7
8	I	2	{1,0,2,0,74,220,1268,2320,2676}	144	2*0-2,0-3,0-4,2*0-5,2*0-6,2*0-7,1-2,2*1-3,2*1-4,1-5,2*1-6,2*1-7,2-4,2*2-5,2-6,2-7,2*3-4,3-5,3-6,3-7,2*4-6,2*4-7,2*5-6,2*5-7
8	I	2	{1,0,2,0,74,220,1268,2320,2676}	144	2*0-2,0-3,2*0-4,0-5,0-6,0-7,1-2,2*1-3,1-4,2*1-5,1-6,1-7,2-4,2*2-5,2*2-6,2*2-7,2*3-4,3-5,2*3-6,2*3-7,4-6,4-7,5-6,5-7
8	I	2	{1,0,2,0,74,220,1268,2320,2676}	48	2*0-2,0-3,2*0-4,0-5,2*0-6,2*1-2,1-3,2*1-4,2*1-5,2-3,2-4,2*2-6,2*3-4,3-6,4-7,2*5-6,2*5-7,2*6-7
8	I	2	{1,0,2,0,86,172,1340,2272,2688}	96	2*0-2,2*0-3,2*0-4,0-5,0-6,2*1-2,2*1-3,1-4,2*1-5,1-7,2-4,2*2-5,2*2-7,2*3-4,3-5,2*3-6,6-7
8	I	2	{1,0,2,0,90,156,1364,2256,2692}	144	0-1,2*0-2,2*0-3,2*0-4,2*0-5,0-6,0-7,1-2,1-3,1-4,1-5,1-6,1-7,2*2-3,2-6,2-7,2*4-5,2*4-6,2*4-7,2*6-7
8	I	2	{1,0,2,0,90,156,1364,2256,2692}	144	2*0-1,2*0-2,0-3,2*0-4,0-5,2*0-6,2*0-7,1-2,2*1-3,1-4,2*1-5,2*1-6,2*1-7,2*2-3,2-6,2-7,2*4-5,2*4-6,2*4-7,6-7
8	I	2	{1,0,2,10,48,314,1042,2544,2600}	216	2*0-2,0-3,2*0-5,2*0-6,1-2,2*1-3,1-5,1-6,2*2-4,2*2-5,2-7,2*3-6,3-7,4-5,4-6,4-7,2*5-6,2*6-7
8	I	2	{1,0,2,10,48,314,1042,2544,2600}	216	2*0-2,2*0-3,2*0-6,0-7,2*1-2,1-3,1-6,2*1-7,2*3-4,2*3-5,2*3-6,3-7,2*4-5,4-6,2*4-7
8	I	2	{1,0,2,10,48,314,1042,2544,2600}	24	2*0-1,0-3,2*0-4,0-5,2*0-7,2*1-3,1-4,2*1-5,1-7,2-3,2*2-4,2-6,2*2-7,3-5,2*3-6,2*4-5,2*4-6,2*4-7,2*5-6,5-7
8	I	2	{1,0,2,10,48,314,1042,2544,2600}	72	2*0-1,0-4,0-6,0-7,1-2,1-3,1-4,2*1-5,1-6,1-7,2-4,2-5,2*2-6,2*2-7,3-4,3-5,2*4-5,2*5-6,2*5-7
8	I	2	{1,0,2,10,48,314,1042,2544,2600}	72	2*0-1,2*0-2,2*0-4,0-5,2*1-2,1-3,2*1-5,2*2-3,2-4,3-4,3-5,3-6,2*3-7,4-5,4-6,2*4-7,5-6,2*5-7,6-7
8	I	2	{1,0,2,10,48,314,1042,2544,2600}	72	2*0-1,2*0-2,2*0-4,2*0-5,0-6,0-7,2*1-2,2*1-3,1-5,2-5,2-6,2-7,2*3-4,2*3-5,2*4-5,2*4-6,2*4-7,5-6,5-7,6-7
8	I	2	{1,0,2,10,52,298,1066,2528,2604}	12	0-1,2*0-4,2*0-6,0-7,1-2,2*1-3,2*1-5,2*1-6,2-3,2-4,2-5,2*2-6,2*2-7,2*3-4,2*3-5,3-6,3-7,2*4-5,2*4-6,4-7,2*5-6,2*5-7
8	I	2	{1,0,2,10,52,298,1066,2528,2604}	12	2*0-1,2*0-2,2*0-3,2*0-4,0-5,2*0-7,1-2,1-3,1-4,2*1-6,1-7,2*2-3,2*2-4,2*2-5,2-6,2*3-5,2*3-6,2*3-7,2*4-5,2*4-6,2*4-7
8	I	2	{1,0,2,10,52,298,1066,2528,2604}	12	2*0-2,0-5,2*0-6,2*0-7,1-2,2*1-3,2*1-4,1-5,2*1-7,2-3,2-4,2-5,2*2-7,2*3-4,2*3-6,2*4-6,5-6,6-7
8	I	2	{1,0,2,10,52,298,1066,2528,2604}	24	0-1,0-2,0-3,0-4,2*0-6,2*0-7,2*1-2,2*1-3,2*1-4,1-6,1-7,2*2-3,2*2-4,2-5,2*2-6,2*2-7,2*3-4,2*3-6,2*4-7,2*5-6,2*5-7,2*6-7
8	I	2	{1,0,2,10,60,266,1114,2496,2612}	12	0-2,2*0-3,0-4,0-5,2*0-6,2*1-2,1-3,2*1-4,2*1-5,1-6,2*2-3,2*2-5,2-6,2*3-4,2*3-6,4-5,2*4-6,2*4-7,5-7
8	I	2	{1,0,2,10,60,266,1114,2496,2612}	216	0-1,2*0-2,2*0-4,2*0-5,2*0-7,2*1-2,2*1-4,2*1-5,2*1-7,3-4,3-5,2*3-6,2*4-5,4-6,5-7,6-7
8	I	2	{1,0,2,12,50,304,1040,2560,2592}	288	0-1,0-3,0-4,2*0-5,0-6,0-7,1-2,1-4,2*1-5,1-6,1-7,2-3,2*2-4,2-5,2*2-6,2*2-7,2*3-4,3-5,2*3-6,2*3-7,4-5,4-6,4-7
8	I	2	{1,0,2,12,54,288,1064,2544,2596}	12	0-1,2*0-2,2*0-3,2*0-4,2*0-5,2*0-7,2*1-2,2*1-3,1-6,2-3,2-7,3-6,2*3-7,2*4-5,4-6,4-7,5-6,5-7,6-7
8	I	2	{1,0,2,12,54,288,1064,2544,2596}	144	0-1,0-2,0-3,0-4,0-5,0-6,0-7,2*1-2,2*1-3,2*1-4,2*1-5,2*1-6,2*1-7,2*2-3,2-5,2-7,3-4,3-6,2*4-5,4-6,5-7,2*6-7
8	I	2	{1,0,2,12,54,288,1064,2544,2596}	144	0-1,0-3,0-4,2*0-6,0-7,2*1-3,2*1-4,1-6,2*1-7,2*2-3,2-4,2*2-5,2-6,2-7,3-4,3-5,3-7,2*4-5,4-7,5-6,5-7,6-7
8	I	2	{1,0,2,12,54,288,1064,2544,2596}	24	0-2,2*0-3,2*0-4,2*0-5,0-6,2*1-2,1-3,2*1-4,2*1-5,1-7,2*2-3,2-6,3-7,2*4-5,2*4-6,2*4-7,2*5-6,2*5-7,6-7
8	I	2	{1,0,2,12,54,288,1064,2544,2596}	24	2*0-1,0-2,2*0-4,2*0-5,0-7,2*1-2,2*1-3,1-4,1-5,1-6,1-7,2-3,2*2-6,3-4,3-5,3-6,2*4-6,4-7,2*5-6,5-7,6-7
8	I	2	{1,0,2,12,54,288,1064,2544,2596}	24	2*0-1,2*0-2,1-2,1-3,1-5,1-6,2-3,2-5,2-6,3-4,3-5,2*3-6,2*4-5,2*4-6,4-7,5-6,5-7,6-7
8	I	2	{1,0,2,12,54,288,1064,2544,2596}	24	2*0-1,2*0-2,2*1-2,1-3,2*1-5,1-6,2-3,2*2-5,2-6,3-4,3-5,3-6,4-5,2*4-6,2*4-7,5-6,2*5-7,6-7
8	I	2	{1,0,2,12,54,288,1064,2544,2596}	24	2*0-2,2*0-3,2*0-4,2*0-5,0-6,1-2,1-3,2*1-4,2*1-5,1-7,2*2-3,2-6,2*2-7,3-6,2*3-7,2*4-5,4-6,5-7,2*6-7
8	I	2	{1,0,2,12,66,240,1136,2496,2608}	48	0-1,0-2,0-3,0-4,0-5,2*1-2,2*1-3,2*1-4,2*1-5,2-4,2-6,2-7,3-5,2*3-6,2*3-7,2*4-5,2*4-6,4-7,5-6,2*5-7,6-7
8	I	2	{1,0,2,12,66,240,1136,2496,2608}	96	2*0-1,0-2,2*0-4,2*0-5,0-6,0-7,1-2,2*1-4,2*1-5,2*1-6,2*1-7,2-3,2-5,2*3-4,3-5,4-5,2*6-7
8	I	2	{1,0,2,14,52,294,1038,2576,2584}	48	2*0-1,0-2,0-3,2*0-4,2*0-5,0-6,1-3,2*1-4,2*1-5,1-6,2*2-3,2-4,2-5,2*2-6,2*3-6,3-7,2*4-5,2*4-7,5-7,2*6-7
8	I	2	{1,0,2,14,52,294,1038,2576,2584}	72	0-1,0-2,2*0-3,2*0-4,0-5,0-6,1-2,2*1-3,1-4,1-6,1-7,2-4,2-5,2*2-7,2*3-4,2*3-5,3-7,2*4-5,4-6,2*4-7,2*5-6,2*5-7
8	I	2	{1,0,2,14,52,294,1038,2576,2584}	72	0-4,2*0-5,1-3,1-4,2*1-6,2*1-7,2*2-3,2-4,2*2-6,2*2-7,2*4-5,2*4-6,2*4-7,2*5-6,2*5-7,2*6-7
8	I	2	{1,0,2,14,52,294,1038,2576,2584}	72	2*0-1,2*0-2,1-2,2*1-3,1-5,1-6,1-7,2*2-3,2-5,2-6,2-7,3-4,2*3-5,2*3-6,4-5,4-6,2*4-7,5-7,2*6-7
8	I	2	{1,0,2,14,56,278,1062,2560,2588}	12	2*0-1,0-2,2*0-3,0-5,2*0-6,2*1-2,1-3,2*1-5,1-6,2-4,2*2-6,2-7,3-4,3-5,2*3-6,2*3-7,2*4-5,4-6,2*4-7,2*5-6,2*5-7
8	I	2	{1,0,2,14,56,278,1062,2560,2588}	24	2*0-3,2*0-4,1-2,2*1-3,2*1-4,1-6,2*1-7,2*2-3,2*2-4,2*2-6,2-7,3-4,3-5,4-5,5-6,5-7,2*6-7
8	I	2	{1,0,2,14,64,246,1110,2528,2596}	72	0-1,0-3,0-5,0-7,2*1-3,2*1-5,2*1-7,2*2-5,2*2-6,2-7,3-4,2*3-5,2*3-6,3-7,4-6,4-7,5-6,5-7,6-7
8	I	2	{1,0,2,16,54,284,1036,2592,2576}	108	2*0-2,0-3,0-4,0-6,2*1-2,1-3,1-4,1-6,2*3-4,3-5,2*3-7,2*4-6,4-7,2*5-6,2*5-7
8	I	2	{1,0,2,16,54,284,1036,2592,2576}	2592	0-1,0-2,2*0-3,2*0-6,0-7,2*1-2,1-3,1-6,2*1-7,2-4,2*2-6,2-7,3-4,3-6,2*3-7,2*5-6,2*5-7
8	I	2	{1,0,2,16,54,284,1036,2592,2576}	288	2*0-1,0-2,0-5,0-6,2*1-2,2*1-5,2*1-6,2*2-3,2*2-4,2*2-5,3-4,2*3-5,3-6,2*4-6,4-7,2*5-6,2*5-7,2*6-7
8	I	2	{1,0,2,16,54,284,1036,2592,2576}	432	2*0-2,0-3,0-4,0-6,2*1-2,1-3,1-4,1-6,2*3-4,3-5,2*3-6,3-7,2*4-5,2*4-6,4-7,2*6-7
8	I	2	{1,0,2,16,58,268,1060,2576,2580}	24	0-1,0-2,2*0-3,0-6,0-7,2*1-2,1-3,2*1-6,2*1-7,2*2-5,2*2-7,2*3-4,3-6,2*4-5,4-6,2*4-7,5-6,2*5-7
8	I	2	{1,0,2,16,58,268,1060,2576,2580}	24	0-1,0-2,2*0-4,2*0-5,2*0-6,2*1-2,1-4,1-5,1-6,2*2-3,2-5,2-6,2*2-7,3-4,2*3-5,3-6,3-7,4-5,2*4-7,2*5-7,6-7
8	I	2	{1,0,2,16,58,268,1060,2576,2580}	24	0-1,2*0-2,0-3,0-5,2*0-6,2*0-7,2*1-2,2*1-3,2*1-5,2-3,2*2-6,2*3-4,2*3-5,3-6,3-7,2*5-6,2*5-7,6-7
8	I	2	{1,0,2,16,66,236,1108,2544,2588}	432	2*0-1,0-2,0-5,2*0-6,2*0-7,2*1-2,2*1-5,1-6,1-7,2*2-3,2-5,2-7,2*3-6,3-7,4-5,2*4-6,4-7,5-7,6-7
8	I	2	{1,0,2,18,56,274,1034,2608,2568}	216	2*0-1,0-2,2*0-3,0-4,2*0-7,2*1-2,1-3,2*1-4,1-7,2*2-4,2*2-5,2*2-6,2-7,3-4,2*3-5,3-6,3-7,2*4-5,5-6,5-7,2*6-7
8	I	2	{1,0,2,18,56,274,1034,2608,2568}	48	2*0-5,2*0-6,1-2,2*1-3,1-4,1-5,1-6,2*1-7,2-3,2*2-4,2-5,2-6,2-7,3-5,3-6,3-7,4-5,4-6,2*4-7,2*5-6
8	I	2	{1,0,2,18,56,274,1034,2608,2568}	72	2*0-2,2*0-3,2*0-4,0-5,2*0-6,2*1-5,2*1-6,1-7,2*2-3,2-4,2-5,2-7,3-4,3-5,3-7,2*4-5,2*4-6,4-7,5-6,5-7
8	I	2	{1,0,2,18,68,226,1106,2560,2580}	144	2*0-4,2*0-5,2*0-6,0-7,2*1-2,2*1-3,2*2-3,2*2-4,2*2-5,2*2-6,2-7,2*3-4,2*3-5,2*3-6,3-7,2*4-5,4-6,2*5-7,6-7
8	I	2	{1,0,2,20,58,264,1032,2624,2560}	432	0-1,0-6,0-7,2*1-6,2*1-7,2*2-4,2*2-5,2-6,2*2-7,2*3-4,3-5,2*3-6,3-7,2*5-6,5-7
8	I	2	{1,0,2,20,62,248,1056,2608,2564}	48	2*0-1,0-2,0-3,2*0-4,2*0-6,2*0-7,2*1-2,2*1-3,1-4,1-6,1-7,2-4,2-5,2-6,2*3-5,3-7,2*4-5,4-6,4-7,6-7
8	I	2	{1,0,2,22,60,254,1030,2640,2552}	216	2*0-1,2*0-2,1-2,2*1-3,2*1-4,1-6,1-7,2*2-3,2*2-4,2-6,2-7,3-4,2*3-5,2*3-6,4-5,4-6,2*5-6,6-7
8	I	2	{1,0,2,22,60,254,1030,2640,2552}	216	2*0-2,2*0-3,0-4,0-5,2*0-7,1-2,1-3,2*1-4,2*1-5,1-7,2*2-3,2*2-5,2*2-6,2*3-4,3-5,2*3-6,3-7,4-6,4-7,2*5-6,5-7
8	I	2	{1,0,2,22,60,254,1030,2640,2552}	648	2*0-2,2*0-3,2*0-4,0-5,2*0-7,1-2,1-3,1-4,2*1-5,1-7,2*2-3,2*2-6,2*2-7,3-4,2*3-5,2*3-6,4-5,2*4-6,4-7,2*5-6,5-7
8	I	2	{1,0,2,22,64,238,1054,2624,2556}	48	2*0-2,2*0-3,2*0-4,0-6,2*0-7,2*1-2,2*1-3,2*2-4,2-6,2*2-7,2*3-4,3-6,2*3-7,2*4-5,4-7,5-6,5-7,6-7
8	I	2	{1,0,2,2,40,354,1050,2480,2632}	24	2*0-2,0-3,0-4,2*0-5,2*0-6,2*0-7,1-3,1-4,1-6,2*1-7,2*2-3,2*2-4,2*2-5,2-7,3-4,2*3-5,2*4-5,2*5-6,2*5-7,2*6-7
8	I	2	{1,0,2,2,44,338,1074,2464,2636}	12	2*0-1,0-2,2*0-3,0-5,0-6,2*1-2,1-3,2*1-5,2*1-6,2*2-3,2-6,2*2-7,2*3-5,3-6,2*3-7,2*4-5,2*4-6,4-7,2*5-7
8	I	2	{1,0,2,2,44,338,1074,2464,2636}	12	2*0-1,0-2,2*0-3,0-5,0-7,2*1-2,1-3,2*1-5,2*1-7,2*2-3,2*2-4,2*2-5,2*2-6,2-7,2*3-4,2*3-7,4-5,4-6,2*5-6,2*5-7,6-7
8	I	2	{1,0,2,2,44,338,1074,2464,2636}	12	2*0-1,0-2,2*0-3,2*0-6,2*0-7,2*1-2,1-3,1-6,1-7,2*2-3,2*2-4,2*2-5,2-6,2*2-7,2*3-4,3-7,2*4-5,4-6,2*5-6,2*5-7,2*6-7
8	I	2	{1,0,2,2,44,338,1074,2464,2636}	12	2*0-1,2*0-2,0-3,0-5,0-7,1-2,2*1-3,2*1-5,2*1-7,2*2-3,2-4,2*2-6,2*2-7,3-4,2*3-5,3-7,4-5,4-6,5-6,2*6-7
8	I	2	{1,0,2,2,44,338,1074,2464,2636}	12	2*0-1,2*0-2,0-3,2*0-6,0-7,1-2,2*1-3,1-6,2*1-7,2*2-3,2-4,2-5,2*2-7,3-4,3-6,3-7,4-5,4-6,2*5-6,5-7
8	I	2	{1,0,22,46,180,430,862,1728,3292}	116640	0-1,2*0-2,2*0-3,0-4,2*0-5,2*0-6,1-2,1-3,2*1-4,1-5,1-6,2*2-3,2-4,2*2-5,2*2-6,3-4,2*3-5,2*3-6,4-5,4-6,5-7,6-7
8	I	2	{1,0,2,24,62,244,1028,2656,2544}	72	0-2,2*0-3,2*0-4,0-5,2*0-6,2*0-7,2*1-2,1-3,1-4,2*1-5,1-6,1-7,2-3,2*2-4,2-6,2*2-7,3-5,3-6,2*4-5,2*4-7,2*6-7
8	I	2	{1,0,2,2,52,306,1122,2432,2644}	12	2*0-1,0-2,2*0-3,0-5,2*0-6,0-7,2*1-2,1-3,2*1-5,1-6,2*1-7,2*2-3,2*2-6,2*2-7,2*3-4,3-5,2*3-6,4-5,4-6,2*4-7,2*5-7
8	I	2	{1,0,2,2,52,306,1122,2432,2644}	24	0-3,0-4,0-5,0-6,0-7,2*1-2,2*1-4,2*1-5,1-6,2*1-7,2*2-4,2*2-5,2*2-6,2-7,3-4,3-5,2*3-6,2*3-7,2*4-5,2*4-6,2*4-7,2*5-6,2*5-7
8	I	2	{1,0,2,2,52,306,1122,2432,2644}	36	0-1,0-2,2*0-3,0-5,0-7,2*1-2,1-3,2*1-5,2*1-7,2-3,2*2-5,2-6,3-6,2*3-7,4-5,4-6,4-7,5-6,2*5-7
8	I	2	{1,0,2,2,52,306,1122,2432,2644}	36	2*0-1,0-2,2*0-3,0-5,0-7,2*1-2,1-3,2*1-5,2*1-7,2-4,2*2-5,2-6,2*2-7,3-4,3-5,3-6,4-6,4-7,2*5-6,5-7
8	I	2	{1,0,2,2,52,306,1122,2432,2644}	36	2*0-1,2*0-2,0-3,0-4,0-6,2*0-7,2*1-2,2*1-5,2*1-6,2-5,2-7,2*3-5,3-6,3-7,2*4-5,4-6,4-7,6-7
8	I	2	{1,0,2,2,56,290,1146,2416,2648}	12	2*0-1,0-2,0-3,2*0-4,0-5,2*0-6,2*1-2,2*1-3,1-4,2*1-5,1-6,2-4,2-6,3-4,2*3-5,3-6,2*3-7,2*4-5,4-6,4-7,5-6,5-7,2*6-7
8	I	2	{1,0,2,2,56,290,1146,2416,2648}	24	0-1,0-2,0-3,0-4,2*0-5,2*0-6,2*0-7,1-2,1-3,2*1-4,1-5,2*2-4,2-5,2-6,2*2-7,2*3-4,3-5,2*3-6,3-7,2*4-5,2*4-6,2*4-7,5-6,5-7,2*6-7
8	I	2	{1,0,2,2,56,290,1146,2416,2648}	24	0-1,0-2,0-3,2*0-4,0-5,1-3,1-4,2*1-5,1-7,2*2-4,2-5,2*2-6,2-7,3-6,3-7,4-7,2*5-7,6-7
8	I	2	{1,0,2,26,64,234,1026,2672,2536}	216	2*0-3,2*0-4,2*0-5,0-6,1-3,1-4,2-5,2*2-6,2*3-4,2*3-5,3-6,2*4-5,4-6,5-6,5-7,6-7
8	I	2	{1,0,2,2,68,242,1218,2368,2660}	24	2*0-1,0-2,0-3,0-4,0-5,0-6,2*1-2,1-3,2*1-4,2*1-5,2*1-6,2*1-7,2*2-3,2-6,2-7,3-4,3-5,2*3-6,2*4-5,2*4-6,2*5-6,2*6-7
8	I	2	{1,0,2,2,68,242,1218,2368,2660}	24	2*0-1,0-2,2*0-3,0-4,0-5,0-6,1-2,1-3,1-4,1-5,1-6,2*1-7,2*2-3,2*2-6,2-7,3-4,3-5,2*3-6,4-5,4-6,5-6,2*6-7
8	I	2	{1,0,2,2,76,210,1266,2336,2668}	36	0-1,0-2,2*0-3,2*0-4,2*0-6,0-7,1-4,2*1-5,1-6,2-4,2*2-5,2-6,2*3-4,3-5,3-6,2*3-7,4-5,2*4-6,2*4-7,2*5-6,2*6-7
8	I	2	{1,0,2,28,66,224,1024,2688,2528}	1296	2*0-1,2*0-3,0-4,1-3,2*1-4,2-5,2*2-6,2*2-7,2*3-4,3-5,2*3-6,2*3-7,4-5,2*4-6,2*4-7,2*5-6,5-7
8	I	2	{1,0,2,28,66,224,1024,2688,2528}	3888	0-2,2*0-3,0-4,2*0-5,0-6,2*0-7,2*1-2,1-3,2*1-4,1-5,2*1-6,1-7,2-3,2*2-5,2-7,2*3-4,2*3-5,2*3-6,2*4-6,2*4-7,2*5-6,6-7
8	I	2	{1,0,2,40,78,164,1012,2784,2480}	7776	0-1,0-2,2*0-4,0-5,2*0-6,2*1-2,1-4,2*1-5,1-6,2*2-3,2*2-4,2*2-5,2-6,2*3-4,4-5,2*4-6,2*5-6,2*5-7,2*6-7
8	I	2	{1,0,24,16,156,624,856,1392,3492}	1679616	2*0-4,0-5,2*0-6,2*0-7,1-4,2*1-5,1-6,1-7,2*2-4,2-5,2*2-6,2*2-7,2*3-4,3-5,2*3-6,2*3-7,4-5,2*4-6,2*4-7,5-6,5-7,2*6-7
8	I	2	{1,0,2,4,42,344,1048,2496,2624}	216	2*0-1,2*0-2,0-3,0-6,0-7,1-2,2*1-3,2*1-6,2*1-7,2*2-4,2-5,2-6,2*2-7,3-5,3-7,4-5,2*4-6,5-6,2*5-7
8	I	2	{1,0,2,4,42,344,1048,2496,2624}	24	0-3,2*0-4,2*0-7,2*1-3,1-4,1-7,2*2-3,2*2-4,2-5,2-6,3-4,3-5,4-6,5-6,2*5-7,6-7
8	I	2	{1,0,2,4,42,344,1048,2496,2624}	24	2*0-3,0-4,0-5,2*0-6,1-3,2*1-4,2*1-5,1-6,2*2-3,2*2-4,2-5,2-6,2*3-4,3-5,2*3-7,4-6,4-7,5-6,2*5-7,6-7
8	I	2	{1,0,2,4,42,344,1048,2496,2624}	48	2*0-1,0-4,2*0-5,2*1-4,1-5,2-3,2*2-4,2-5,2-6,3-4,3-5,4-5,2*4-6,2*4-7,5-7,2*6-7
8	I	2	{1,0,2,4,42,344,1048,2496,2624}	72	2*0-1,2*0-2,0-3,0-5,0-6,0-7,1-2,2*1-3,2*1-5,2*1-6,2*1-7,2*2-3,2-5,2*2-7,3-4,3-5,2*3-7,4-5,2*4-7,5-6,5-7,6-7
8	I	2	{1,0,2,4,46,328,1072,2480,2628}	12	0-1,0-5,0-6,0-7,1-2,2*1-3,2*1-5,1-6,1-7,2-4,2*2-6,2-7,2*3-4,3-6,2*3-7,4-5,2*4-6,2*5-6,2*6-7
8	I	2	{1,0,2,4,46,328,1072,2480,2628}	12	0-1,0-5,2*0-6,0-7,2*1-2,1-3,2*1-4,1-5,2*1-6,2-4,2*2-6,2*2-7,2*3-4,3-6,3-7,4-5,2*4-7,2*5-6
8	I	2	{1,0,2,4,46,328,1072,2480,2628}	12	0-1,2*0-4,0-5,0-7,1-2,2*1-3,1-4,1-5,2*1-6,2*1-7,2-4,2-6,2*2-7,2*3-4,2*3-6,3-7,2*4-5,4-7,5-6,6-7
8	I	2	{1,0,2,4,46,328,1072,2480,2628}	24	2*0-1,0-2,2*0-3,2*0-4,2*0-5,1-2,2*1-3,2*1-4,1-5,2*1-6,2*1-7,2-3,2-4,2*2-5,2-6,2-7,3-4,2*3-6,2*4-7,5-6,5-7
8	I	2	{1,0,2,4,46,328,1072,2480,2628}	24	2*0-1,0-3,2*0-4,0-5,2*0-7,1-2,1-4,2*1-5,2*1-6,2*2-3,2-4,2*2-5,2*2-6,2*2-7,2*3-4,3-5,2*3-6,2*3-7,6-7
8	I	2	{1,0,2,4,46,328,1072,2480,2628}	24	2*0-1,2*0-2,0-3,0-6,0-7,2*1-2,1-3,2*1-4,2*1-5,2*2-3,2-4,2-5,2-6,2-7,2*3-4,2*3-5,2*3-6,2*3-7,4-7,5-6,6-7
8	I	2	{1,0,2,4,46,328,1072,2480,2628}	24	2*0-2,0-3,0-4,0-5,2*1-2,1-3,2*1-4,2*1-5,1-6,1-7,2*2-3,2-4,2-5,2-6,2-7,2*3-4,2*3-5,2*3-6,2*3-7,2*4-5,2*4-6,4-7,5-6,2*5-7,6-7
8	I	2	{1,0,2,4,46,328,1072,2480,2628}	24	2*0-2,0-4,2*0-5,0-7,2*1-3,2*1-4,1-5,1-6,2*2-4,2-5,2-6,2-7,3-4,2*3-5,3-6,3-7,2*6-7
8	I	2	{1,0,2,4,46,328,1072,2480,2628}	24	2*0-3,2*0-5,2*0-7,1-2,2*1-4,2*1-5,1-7,2-4,2-5,2*2-7,3-4,2*3-5,2*3-6,3-7,4-5,4-6,4-7,5-7,2*6-7
8	I	2	{1,0,2,4,46,328,1072,2480,2628}	48	0-2,2*0-3,0-4,2*0-5,0-6,1-2,2*1-3,1-4,1-5,2*2-4,2-6,3-4,2*3-6,2*4-6,4-7,5-6,2*5-7,2*6-7
8	I	2	{1,0,2,4,46,328,1072,2480,2628}	48	2*0-1,0-2,2*0-3,0-4,0-5,2*1-2,1-3,1-4,2*1-5,2*1-6,2*2-5,2-6,3-5,2*3-6,2*4-6,2*4-7,5-7,2*6-7
8	I	2	{1,0,2,4,54,296,1120,2448,2636}	12	2*0-2,2*0-3,2*0-4,2*0-6,2*0-7,1-4,2*1-5,1-7,2-4,2-5,2*2-6,3-4,3-5,2*3-6,4-5,2*4-6,2*4-7,6-7
8	I	2	{1,0,2,4,54,296,1120,2448,2636}	24	0-1,0-6,2*0-7,1-2,2*1-3,1-4,2*1-5,2*2-4,2-5,2*2-6,2-7,3-4,2*3-5,3-6,2*3-7,4-7,5-6,6-7
8	I	2	{1,0,2,4,54,296,1120,2448,2636}	24	0-2,2*0-3,2*0-4,0-6,2*1-2,1-3,2*1-5,1-7,2*2-4,2-5,3-4,2*3-5,2*4-5,2*4-6,2*4-7,2*5-6,2*5-7,6-7
8	I	2	{1,0,2,4,54,296,1120,2448,2636}	24	2*0-1,2*0-6,0-7,1-2,2*1-3,2*1-4,2*1-5,2*1-6,1-7,2-4,2-5,2*2-6,2-7,2*3-4,2*3-5,3-6,2*3-7,4-5,2*4-6,2*4-7,5-6,5-7,6-7
8	I	2	{1,0,2,4,54,296,1120,2448,2636}	24	2*0-4,2*0-5,2*0-6,2*0-7,1-4,1-5,1-6,1-7,2*2-3,2-4,2-5,3-4,3-5,2*3-6,2*3-7,4-7,5-6,2*6-7
8	I	2	{1,0,2,4,54,296,1120,2448,2636}	432	0-1,0-2,0-3,0-4,0-5,0-6,2*0-7,2*1-2,2*1-3,2*1-4,2*1-5,2*1-6,1-7,2*2-3,2-4,2*2-5,2-6,2*3-4,4-5,2*4-6,5-6,5-7,6-7
8	I	2	{1,0,2,4,54,296,1120,2448,2636}	432	0-1,2*0-3,0-4,0-6,2*0-7,1-3,2*1-4,2*1-6,1-7,2-4,2*2-6,2-7,3-4,3-5,2*3-6,2*4-5,2*4-6,2*4-7,2*5-7
8	I	2	{1,0,2,4,54,296,1120,2448,2636}	48	0-1,2*0-2,2*0-3,0-6,0-7,1-2,1-3,2*1-6,2*1-7,2-3,2*2-4,2-5,2-6,2-7,3-4,2*3-5,3-6,3-7,4-5,4-7,5-6
8	I	2	{1,0,2,4,54,296,1120,2448,2636}	48	2*0-1,2*0-4,2*0-5,0-6,0-7,1-4,1-5,2*1-6,2*1-7,2-4,2-5,2*3-6,2*3-7,4-5,4-6,5-7,6-7
8	I	2	{1,0,2,4,58,280,1144,2432,2640}	12	0-1,2*0-2,0-3,2*0-4,2*0-5,0-6,2*0-7,1-2,2*1-3,1-4,2*1-6,2*1-7,2-3,2*2-4,2-5,2*2-6,2-7,2*3-4,2*3-5,3-6,3-7,4-5,2*4-6,2*4-7,5-6
8	I	2	{1,0,2,4,58,280,1144,2432,2640}	12	2*0-1,0-3,2*0-4,0-5,2*0-6,0-7,2*1-3,1-4,1-5,1-6,2-3,2*2-4,2-7,3-4,2*3-5,3-6,4-5,2*4-6,5-7,2*6-7
8	I	2	{1,0,2,4,58,280,1144,2432,2640}	48	2*0-1,0-3,2*0-4,0-5,0-7,1-2,1-4,2*1-5,1-6,2*2-3,2-4,2*2-5,2*2-6,2*3-4,3-5,2*3-7,6-7
8	I	2	{1,0,2,4,58,280,1144,2432,2640}	48	2*0-3,2*0-4,0-5,2*0-7,2*1-2,1-4,2*1-5,2*1-6,2*2-4,2-5,2-7,3-4,2*3-5,3-6,2*6-7
8	I	2	{1,0,2,4,70,232,1216,2384,2652}	24	0-2,0-3,2*0-4,2*0-5,2*0-7,1-2,1-3,1-4,1-5,2*1-6,2*2-3,2-7,3-6,4-6,2*4-7,5-6,2*5-7,2*6-7
8	I	2	{1,0,2,4,70,232,1216,2384,2652}	24	2*0-1,0-2,0-3,2*0-4,2*0-5,0-6,0-7,1-2,1-3,1-4,1-5,1-6,1-7,2-3,2*2-6,2*3-7,4-6,2*4-7,5-6,2*5-7
8	I	2	{1,0,2,4,70,232,1216,2384,2652}	48	0-1,0-2,0-3,2*0-4,2*0-5,2*1-2,2*1-3,1-4,1-5,2*2-3,2-4,2*2-5,2*2-6,3-4,3-6,2*4-5,4-6,2*4-7,2*5-7,6-7
8	I	2	{1,0,2,4,70,232,1216,2384,2652}	48	2*0-1,0-2,0-3,2*0-4,2*0-5,2*0-6,2*0-7,2*1-2,2*1-3,1-4,1-5,1-6,1-7,2-3,2-4,2*2-5,2*2-7,2*3-5,3-6,2*3-7,4-5,4-6,6-7
8	I	2	{1,0,2,4,78,200,1264,2352,2660}	432	2*0-2,2*0-3,2*0-4,2*1-2,2*1-3,2*1-4,2-3,2*2-4,2*2-6,2*2-7,3-5,3-7,2*4-5,4-6,2*5-6,2*5-7
8	I	2	{1,0,2,4,90,152,1336,2304,2672}	1296	0-1,2*0-3,0-4,2*0-6,0-7,1-3,2*1-4,1-6,2*1-7,2*2-3,2*2-4,2-5,2-6,2-7,3-4,3-5,2*3-6,4-5,2*4-7,2*6-7
8	I	2	{1,0,26,22,240,350,1246,1056,3620}	1049760	2*0-5,2*0-6,2*0-7,2*1-5,2*1-6,2*1-7,2-5,2-6,2-7,2*3-5,2*3-6,2*3-7,4-5,4-6,4-7,2*5-6,2*5-7,2*6-7
8	I	2	{1,0,2,6,44,334,1046,2512,2616}	24	0-1,0-2,0-3,0-4,1-2,2*1-4,2*1-5,1-6,1-7,2*2-3,2-5,2*2-6,2*2-7,2*3-4,3-5,2*3-6,2*4-5,4-6,5-6
8	I	2	{1,0,2,6,44,334,1046,2512,2616}	24	0-1,2*0-2,0-6,2*0-7,2*1-2,1-5,2*1-7,2-5,2*2-6,2*3-4,3-5,3-6,3-7,2*4-5,2*4-6,2*4-7,2*6-7
8	I	2	{1,0,2,6,44,334,1046,2512,2616}	24	2*0-1,0-2,2*0-6,0-7,1-2,2*1-5,2*1-6,2*2-5,2*2-7,2*3-4,3-5,2*3-6,2*3-7,2*4-5,4-6,4-7,5-6,5-7
8	I	2	{1,0,2,6,44,334,1046,2512,2616}	36	2*0-1,0-2,0-4,2*0-5,2*0-7,2*1-2,2*1-4,1-5,1-7,2*2-3,2-4,2-5,2-6,3-5,2*3-6,2*3-7,2*4-5,4-6,5-6,5-7,2*6-7
8	I	2	{1,0,2,6,48,318,1070,2496,2620}	12	0-1,0-2,2*0-3,0-4,0-6,2*0-7,2*1-2,2*1-3,1-4,1-5,2*1-6,1-7,2-3,2*2-4,3-5,4-5,2*5-6,5-7,6-7
8	I	2	{1,0,2,6,48,318,1070,2496,2620}	12	0-1,2*0-2,0-4,2*0-5,1-2,2*1-3,2*1-4,2*1-6,2*1-7,2-4,2*2-5,2*2-6,2*2-7,3-4,2*3-6,2*3-7,4-6,4-7,5-6,5-7,6-7
8	I	2	{1,0,2,6,48,318,1070,2496,2620}	12	2*0-1,2*0-2,0-4,0-5,1-2,2*1-3,2*1-4,1-6,1-7,2*2-4,2*2-5,2*2-6,2*2-7,2*3-4,2*3-6,2*3-7,4-6,4-7,2*5-6,2*5-7,2*6-7
8	I	2	{1,0,2,6,48,318,1070,2496,2620}	12	2*0-1,2*0-2,0-4,0-5,2*0-6,2*0-7,1-2,1-3,2*1-4,2*1-5,1-6,2*1-7,2-4,2-5,2-6,2-7,3-6,3-7,4-5,4-7,5-7,2*6-7
8	I	2	{1,0,2,6,48,318,1070,2496,2620}	12	2*0-1,2*0-2,2*0-4,2*0-5,2*0-6,0-7,2*1-2,1-3,2*1-4,2*1-5,2*1-6,2*1-7,2-4,2-5,2*2-6,2-7,3-6,2*3-7,2*4-5,2*4-7,2*5-7,2*6-7
8	I	2	{1,0,2,6,48,318,1070,2496,2620}	24	2*0-3,0-6,0-7,2*1-2,2*1-4,2*1-5,1-6,2*1-7,2*2-4,2*2-5,2*2-6,2-7,2*3-4,2*3-5,2*3-6,2*3-7,4-5,4-6,4-7,5-6,5-7
8	I	2	{1,0,2,6,56,286,1118,2464,2628}	12	0-2,0-3,0-6,0-7,1-2,1-3,2*1-4,2*1-5,1-6,1-7,2-4,2-5,2-7,2*3-4,2*3-5,3-7,4-6,2*4-7,5-6,2*5-7
8	I	2	{1,0,2,6,56,286,1118,2464,2628}	12	2*0-1,0-2,0-3,2*0-4,2*0-5,0-6,0-7,2*1-2,1-3,1-5,2*1-6,1-7,2*2-7,3-4,3-5,2*3-6,2*3-7,4-5,2*4-6,4-7
8	I	2	{1,0,2,6,56,286,1118,2464,2628}	36	0-3,2*0-4,0-5,2*0-6,1-4,2*1-5,2*1-6,1-7,2*2-4,2-5,2-6,2*2-7,2*3-4,3-5,3-7,4-5,4-6,4-7,5-6,2*5-7
8	I	2	{1,0,2,6,56,286,1118,2464,2628}	36	2*0-1,0-2,0-3,2*0-4,0-6,0-7,1-2,2*1-4,2*1-5,2*1-6,2-4,2-5,2-6,2*3-5,3-6,2*3-7,4-6,2*4-7,5-7
8	I	2	{1,0,2,6,60,270,1142,2448,2632}	120	2*0-1,0-3,0-4,0-5,2*0-6,2*0-7,2*1-3,2*1-4,2*1-5,1-6,1-7,2-3,2-4,2-5,2*2-6,2*2-7,2*3-4,3-5,3-6,2*3-7,4-5,2*4-6,4-7,5-6,5-7,6-7
8	I	2	{1,0,2,6,60,270,1142,2448,2632}	24	2*0-1,2*0-2,2*0-3,2*0-4,0-6,1-2,1-3,1-4,2*1-6,2-3,2*2-4,2*2-5,3-5,3-6,2*4-5,4-6,4-7,2*5-6,2*5-7,2*6-7
8	I	2	{1,0,2,6,60,270,1142,2448,2632}	72	0-2,2*0-3,2*0-4,1-2,2*1-4,2*1-5,2*1-6,1-7,2*2-3,2-5,2*2-6,2-7,3-4,3-6,2*3-7,2*4-5,6-7
8	I	2	{1,0,2,8,46,324,1044,2528,2608}	12	0-1,2*0-2,0-3,0-5,2*0-6,2*1-2,1-3,2*1-4,1-6,2-3,2*2-4,2-5,3-4,2*3-5,2*4-5,2*4-6,5-6,2*5-7,2*6-7
8	I	2	{1,0,2,8,46,324,1044,2528,2608}	96	0-1,2*0-4,2*0-5,0-6,0-7,2*1-4,2*1-5,2*1-6,2*1-7,2-3,2-4,2-5,2*2-6,2-7,3-4,3-5,3-6,2*3-7,4-5
8	I	2	{1,0,2,8,50,308,1068,2512,2612}	12	2*0-2,2*0-3,2*0-4,2*0-5,2*0-6,0-7,1-2,1-3,1-4,1-5,1-6,2*1-7,2*2-5,2-6,2-7,2*3-4,3-5,3-6,3-7,4-5,2*4-7,2*6-7
8	I	2	{1,0,2,8,50,308,1068,2512,2612}	24	0-1,0-2,0-3,0-4,0-7,2*1-2,2*1-3,2*1-4,2*1-7,2-4,2*2-5,2*2-7,3-5,2*3-7,4-5,4-6,2*5-6,6-7
8	I	2	{1,0,2,8,50,308,1068,2512,2612}	24	0-1,0-2,0-3,2*0-4,2*0-5,0-6,0-7,2*1-2,2*1-3,1-4,1-5,2*1-6,2*1-7,2*2-3,2*2-4,2*2-6,2*3-5,2*3-7,2*4-5,4-6,4-7,5-6,5-7,6-7
8	I	2	{1,0,2,8,50,308,1068,2512,2612}	24	0-1,2*0-2,0-3,0-6,0-7,1-2,2*1-3,2*1-6,2*1-7,2*2-3,2-4,2-5,2-6,2-7,3-4,3-5,2*3-6,2*3-7,2*4-5,4-7,5-6
8	I	2	{1,0,2,8,50,308,1068,2512,2612}	24	0-1,2*0-2,0-3,2*0-5,2*1-2,1-3,2*1-5,1-6,1-7,2*2-4,2*2-5,2*2-6,2*2-7,3-4,2*3-5,2*3-6,2*3-7,4-5,2*4-6,2*4-7
8	I	2	{1,0,2,8,50,308,1068,2512,2612}	24	2*0-1,2*0-2,0-3,2*0-5,2*1-2,1-3,2*1-5,1-6,1-7,2*2-4,2*2-5,2*2-6,2*2-7,3-4,2*3-5,2*3-6,2*3-7,4-5,2*4-6,2*4-7
8	I	2	{1,0,2,8,50,308,1068,2512,2612}	48	0-2,2*0-3,0-6,0-7,2*1-2,1-3,1-6,1-7,2*2-4,2-5,2*2-6,2*2-7,3-4,2*3-5,2*4-5,4-6,4-7
8	I	2	{1,0,2,8,50,308,1068,2512,2612}	48	0-2,2*0-3,2*0-6,2*0-7,2*1-2,1-3,2*1-6,2*1-7,2*2-4,2*2-5,2-6,2-7,3-4,3-5,2*4-5,4-6,4-7
8	I	2	{1,0,2,8,50,308,1068,2512,2612}	48	2*0-1,2*0-2,2*0-3,0-5,0-6,1-2,1-3,2*1-5,2*1-6,2*2-3,2*2-4,2*2-5,3-4,2*3-5,3-6,2*4-6,4-7,2*5-7,2*6-7
8	I	2	{1,0,2,8,58,276,1116,2480,2620}	24	0-1,0-2,0-3,2*0-4,0-6,0-7,2*1-2,2*1-3,2*1-5,1-6,1-7,2*2-3,2*2-4,2-5,2*3-4,3-5,2*4-5,2*4-6,2*5-7,6-7
8	I	2	{1,0,2,8,58,276,1116,2480,2620}	24	2*0-1,0-2,0-3,2*0-4,2*0-5,0-6,0-7,1-2,1-3,2*1-4,2*1-5,2*1-6,2*1-7,2-3,2-5,3-4,4-5,4-6,4-7,2*5-6,2*5-7
8	I	2	{1,0,2,8,58,276,1116,2480,2620}	24	2*0-2,2*0-3,2*0-4,2*0-6,2*0-7,2*1-2,2*1-3,2*1-5,1-6,1-7,2*2-3,2*2-5,2*3-4,4-5,2*4-6,2*4-7,5-6,5-7
8	I	2	{1,0,2,8,58,276,1116,2480,2620}	36	0-1,2*0-2,0-3,2*0-4,0-5,0-7,1-2,2*1-3,1-4,2*1-5,2*1-7,2-3,2*2-4,2*2-5,2-6,2*2-7,3-4,3-6,4-6,4-7,5-6,2*5-7
8	I	2	{1,0,2,8,58,276,1116,2480,2620}	36	2*0-1,0-3,0-4,0-5,1-3,1-4,2*1-5,2*1-7,2-3,2-4,2-7,3-4,2*3-5,2*3-6,3-7,2*4-5,2*4-6,4-7,5-6,5-7,2*6-7
8	I	2	{1,0,2,8,58,276,1116,2480,2620}	48	0-2,2*0-3,2*0-6,2*0-7,2*1-2,1-3,2*1-6,2*1-7,2*2-4,2*2-5,3-4,3-5,2*3-6,2*3-7,2*4-5,4-6,4-7,6-7
8	I	2	{1,0,2,8,58,276,1116,2480,2620}	72	2*0-1,2*0-2,1-2,1-3,2*1-4,1-6,2*1-7,2-3,2*2-4,2-6,2*2-7,2*3-4,2*3-5,3-6,4-5,4-7,6-7
8	I	2	{1,0,2,8,62,260,1140,2464,2624}	12	0-1,0-4,0-7,2*1-2,2*1-3,1-4,2*1-5,2*2-3,2*2-4,2*2-5,2-7,2*3-4,2*3-5,3-7,4-5,4-6,4-7,5-6,2*5-7
8	I	2	{1,0,2,8,62,260,1140,2464,2624}	24	2*0-1,2*0-2,0-3,0-4,2*0-7,1-4,1-5,1-7,2-3,2*2-5,2-7,3-4,3-5,2*4-5,2*5-6
8	I	2	{1,0,2,8,62,260,1140,2464,2624}	96	2*0-1,0-2,0-3,0-4,0-5,2*1-2,2*1-3,2*1-4,2*1-5,2-3,2*2-5,2-7,2*3-4,2*3-7,4-5,4-6,2*5-6,6-7
8	I	2	{1,0,32,76,240,500,652,1488,3572}	2099520	2*0-6,2*0-7,1-6,1-7,2*2-6,2*2-7,3-6,3-7,2*4-6,2*4-7,5-6,5-7
8	I	2	{1,0,4,0,108,152,1400,2112,2784}	576	2*0-1,2*0-2,2*0-3,0-4,2*0-5,2*0-6,0-7,2*1-2,2*1-3,2*1-4,1-5,1-6,2*1-7,2*2-3,2*2-4,2-5,2*2-6,2-7,3-4,2*3-5,3-6,2*3-7,4-5,6-7
8	I	2	{1,0,4,0,44,408,1016,2368,2720}	288	0-2,2*0-3,0-4,0-5,2*1-2,1-3,2*1-4,2*1-5,2-3,2*2-4,2-5,2*2-6,2-7,3-4,2*3-5,3-6,2*3-7,2*4-6,2*4-7,2*5-7,6-7
8	I	2	{1,0,4,0,56,360,1088,2320,2732}	288	2*0-1,0-2,2*0-3,0-6,2*0-7,2*1-2,1-3,2*1-6,1-7,2-3,2-4,2*2-5,2-6,2*2-7,2*3-4,3-5,2*3-6,3-7,4-5,2*4-6,2*5-7
8	I	2	{1,0,4,0,60,344,1112,2304,2736}	288	0-1,2*0-2,0-3,0-4,2*0-5,2*0-6,2*0-7,1-2,2*1-3,2*1-4,1-5,1-6,1-7,2*2-4,2*2-6,2*2-7,3-4,3-6,3-7,2*4-7,5-6,2*5-7,6-7
8	I	2	{1,0,4,0,60,344,1112,2304,2736}	288	0-2,2*0-3,2*0-5,0-6,2*1-2,1-3,1-5,2*1-6,2*2-5,2*2-7,3-5,3-7,4-5,2*4-6,4-7,2*6-7
8	I	2	{1,0,4,0,60,344,1112,2304,2736}	288	2*0-1,0-2,2*0-3,2*0-5,0-6,2*0-7,2*1-2,1-3,1-5,2*1-6,1-7,2-3,2*2-4,2-5,2-6,2*2-7,3-4,2*3-5,2*3-6,3-7,4-6,4-7,5-7,6-7
8	I	2	{1,0,4,0,72,296,1184,2256,2748}	288	0-2,2*0-3,0-5,2*0-7,2*1-2,1-3,2*1-5,1-7,2-3,2-4,2*2-7,2*3-4,3-7,2*4-6,4-7,2*5-6,2*5-7,6-7
8	I	2	{1,0,4,0,72,296,1184,2256,2748}	288	2*0-1,0-2,2*0-3,2*0-6,2*0-7,2*1-2,1-3,1-6,1-7,2*2-3,2*2-4,2-5,3-4,2*3-5,4-5,2*4-7,5-6,2*6-7
8	I	2	{1,0,4,0,80,264,1232,2224,2756}	144	2*0-1,0-2,2*0-4,0-5,2*0-6,0-7,1-3,1-4,2*1-5,1-6,2*1-7,2*2-3,2*2-4,2-5,3-4,2*3-5,2*4-6,4-7,5-6,2*5-7,2*6-7
8	I	2	{1,0,4,0,92,216,1304,2176,2768}	576	2*0-1,0-2,0-3,2*0-4,0-5,2*0-6,2*0-7,1-2,1-3,1-4,2*1-5,1-6,1-7,2*2-3,2-4,2*2-5,2*2-6,2*2-7,2*3-4,3-5,3-6,3-7,2*6-7
8	I	2	{1,0,4,0,96,200,1328,2160,2772}	288	0-1,0-2,2*0-3,2*0-4,0-5,2*1-2,1-3,2*1-4,1-5,1-6,1-7,2-3,2-6,2-7,2*4-6,2*4-7,5-6,5-7,2*6-7
8	I	2	{1,0,4,0,96,200,1328,2160,2772}	288	2*0-2,2*0-3,2*0-4,0-5,2*0-6,2*0-7,1-2,1-3,2*1-4,1-5,2-3,2-6,2-7,4-6,4-7,2*5-6,2*5-7,2*6-7
8	I	2	{1,0,4,10,58,342,1030,2432,2684}	72	0-1,2*0-4,0-5,0-6,0-7,1-2,2*1-3,1-4,1-7,2*2-4,2*2-5,2*2-6,2-7,3-4,3-5,3-6,2*3-7,4-5,4-6,2*4-7,5-6
8	I	2	{1,0,4,10,66,310,1078,2400,2692}	144	2*0-1,0-2,0-3,1-4,2*1-5,2*1-6,1-7,2*2-3,2*2-6,2-7,3-4,2*3-5,2*4-6,4-7,5-6,2*5-7
8	I	2	{1,0,4,10,66,310,1078,2400,2692}	72	2*0-3,2*0-4,2*1-2,2*1-5,2*1-6,2*1-7,2-3,2-4,2-5,2-6,2-7,3-4,2*3-5,2*3-6,2*4-5,2*4-6,5-6
8	I	2	{1,0,4,10,90,214,1222,2304,2716}	1296	0-2,2*0-3,0-4,0-5,2*0-7,2*1-2,1-3,2*1-4,2*1-5,1-7,2-3,2-6,2-7,2*3-6,2*3-7,4-5,4-6,2*5-6,2*5-7
8	I	2	{1,0,4,12,60,332,1028,2448,2676}	144	2*0-1,2*0-2,0-3,0-7,2*1-4,1-5,2*1-7,2-3,2-4,2*2-5,2*2-6,2*3-4,3-5,3-6,4-5,2*4-6,4-7,5-6,2*5-7,6-7
8	I	2	{1,0,4,12,60,332,1028,2448,2676}	72	2*0-2,0-3,0-4,0-5,2*0-6,2*0-7,2*1-2,1-3,1-4,2*1-5,1-6,1-7,2*2-3,2*2-5,2-6,3-5,2*3-6,4-5,2*4-6
8	I	2	{1,0,4,12,68,300,1076,2416,2684}	144	2*0-1,2*0-2,0-3,2*1-2,2*1-3,2*1-4,1-5,2*1-6,2*1-7,2-3,2-6,2-7,3-4,2*3-5,2*3-6,2*3-7,2*4-6,2*4-7,5-6,5-7
8	I	2	{1,0,4,12,72,284,1100,2400,2688}	144	0-1,0-4,0-5,2*0-6,2*0-7,2*1-4,2*1-5,1-6,1-7,2*2-3,2*2-4,2-5,3-4,2*3-5,4-5,2*4-6,2*5-7,2*6-7
8	I	2	{1,0,4,12,72,284,1100,2400,2688}	144	2*0-2,0-3,2*0-4,0-5,0-6,2*0-7,1-2,2*1-3,1-4,2*1-5,1-6,2*1-7,2-3,2-6,2-7,2*3-6,2*3-7,4-5,2*4-7,5-7
8	I	2	{1,0,4,14,58,338,1002,2480,2664}	2592	0-1,0-2,0-3,2*0-4,2*0-5,2*0-7,2*1-2,2*1-3,1-4,1-5,1-7,2*2-3,4-5,4-6,2*4-7,2*5-6,2*5-7
8	I	2	{1,0,4,14,58,338,1002,2480,2664}	2592	2*0-2,0-3,0-5,0-6,2*0-7,1-2,2*1-3,2*1-5,2*1-6,1-7,2*2-5,2*2-6,2-7,3-5,3-6,2*3-7,2*4-5,4-6,2*5-6
8	I	2	{1,0,4,14,58,338,1002,2480,2664}	432	2*0-1,0-2,0-6,0-7,1-3,1-4,2*1-5,1-6,1-7,2-3,2*2-4,2-5,2*2-6,2*2-7,2*4-5,2*4-6,2*4-7,5-6,5-7
8	I	2	{1,0,4,14,62,322,1026,2464,2668}	72	2*0-4,2*0-5,1-2,2*1-4,2*1-5,2*1-6,1-7,2*2-4,2*2-5,2-6,2*2-7,3-4,3-5,3-6,2*3-7,4-5,2*6-7
8	I	2	{1,0,4,14,62,322,1026,2464,2668}	72	2*0-4,2*0-5,1-3,2*1-4,2*1-5,1-6,2*1-7,2*2-3,2*2-4,2*2-5,2*2-6,2-7,3-4,3-5,2*3-6,3-7,2*4-5,2*6-7
8	I	2	{1,0,4,16,60,328,1000,2496,2656}	1296	2*0-2,0-3,0-4,0-5,2*0-6,1-2,2*1-3,2*1-4,2*1-5,1-6,2*2-3,2-4,2*2-5,2*2-7,2*3-4,3-5,3-7,2*4-5,2*4-6,4-7,2*5-6,2*5-7
8	I	2	{1,0,4,16,60,328,1000,2496,2656}	2592	0-1,2*0-2,0-3,2*0-4,2*0-5,0-6,1-2,2*1-3,1-4,1-5,2*1-6,2-3,2*2-4,2-5,2*2-6,3-4,2*3-5,3-6,5-7,6-7
8	I	2	{1,0,4,16,60,328,1000,2496,2656}	288	2*0-2,0-3,0-6,2*0-7,2*1-4,1-5,1-6,1-7,2-3,2*2-6,2-7,3-6,2*3-7,4-6,4-7,2*5-6,2*5-7,2*6-7
8	I	2	{1,0,4,16,60,328,1000,2496,2656}	576	0-1,0-2,0-3,2*0-4,0-5,2*0-6,2*0-7,1-2,1-3,2*1-4,1-5,1-6,1-7,2-3,2-4,2*2-5,2*2-6,2*2-7,3-4,2*3-5,3-6,3-7,4-5,2*6-7
8	I	2	{1,0,4,16,64,312,1024,2480,2660}	288	2*0-1,0-2,2*0-3,2*0-4,0-5,2*0-6,2*0-7,2*1-2,1-3,1-4,2*1-5,1-6,1-7,2-3,2*2-5,2*2-6,2*2-7,3-5,3-6,3-7,4-6,2*4-7,2*5-7,6-7
8	I	2	{1,0,4,16,72,280,1072,2448,2668}	72	0-1,0-4,2*0-6,0-7,2*1-4,1-6,2*1-7,2*2-5,2-6,2-7,3-5,2*3-6,2*3-7,2*4-5,2*4-6,5-6,6-7
8	I	2	{1,0,4,16,76,264,1096,2432,2672}	144	0-1,0-2,0-3,0-6,0-7,1-2,1-3,2*1-6,2*1-7,2*2-6,2*2-7,2*3-6,2*3-7,2*4-6,4-7,5-6,2*5-7
8	I	2	{1,0,4,16,76,264,1096,2432,2672}	576	0-1,0-2,2*0-3,2*0-4,2*0-6,2*1-2,1-3,1-4,1-6,2-3,2-4,2*2-6,2*2-7,2*3-4,3-6,3-7,4-5,2*4-7,2*5-6,5-7,2*6-7
8	I	2	{1,0,4,18,62,318,998,2512,2648}	216	0-2,0-5,2*0-6,2*0-7,2*1-2,2*1-5,1-6,1-7,2*2-3,2*2-4,2*2-5,2*2-6,2*2-7,2*3-4,2*3-5,3-6,2*4-5,4-6,2*6-7
8	I	2	{1,0,4,18,66,302,1022,2496,2652}	72	0-4,0-5,1-6,1-7,2*2-4,2*2-5,2*2-6,2*2-7,3-4,3-5,3-6,3-7,4-6,4-7,2*5-6,2*5-7
8	I	2	{1,0,4,18,74,270,1070,2464,2660}	144	2*0-2,0-3,2*0-4,2*0-5,2*0-6,2*0-7,1-2,2*1-3,2*1-4,2*1-5,2*1-6,2-3,2*2-4,2*2-5,2-6,2-7,3-4,3-5,2*3-6,2*3-7,2*4-5,6-7
8	I	2	{1,0,4,20,64,308,996,2528,2640}	144	2*0-1,0-2,2*0-3,0-4,2*0-6,0-7,2*1-2,1-5,2*1-6,1-7,2*2-5,2-6,2*2-7,2*3-4,2*3-5,2*3-6,3-7,4-5,4-6,2*4-7,2*5-6,2*5-7
8	I	2	{1,0,4,20,64,308,996,2528,2640}	864	2*0-2,2*0-3,0-4,0-5,2*0-6,2*0-7,1-2,1-3,2*2-4,2*2-5,2*2-6,2*3-4,2*3-5,2*3-6,2*4-5,2*4-6,2*4-7,2*5-6,2*5-7,6-7
8	I	2	{1,0,4,20,76,260,1068,2480,2652}	864	0-2,0-3,2*1-2,2*1-3,2*2-5,2-6,2-7,2*3-5,3-6,3-7,4-5,2*4-6,4-7,5-7,6-7
8	I	2	{1,0,4,22,66,298,994,2544,2632}	2592	0-2,2*0-3,2*0-4,2*0-5,0-6,2*1-2,1-3,1-4,1-5,2*1-6,2-4,2-5,2*2-6,2*3-4,2*3-5,3-6,4-5,2*4-6,2*5-7,2*6-7
8	I	2	{1,0,4,22,66,298,994,2544,2632}	648	2*0-1,2*0-2,0-3,0-4,0-6,1-2,2*1-3,2*1-4,2*1-6,2-3,2-5,2-6,2-7,2*3-5,2*3-6,2*3-7,4-6,4-7,5-7,2*6-7
8	I	2	{1,0,4,24,68,288,992,2560,2624}	432	2*0-1,2*0-2,2*0-3,2*1-2,2*1-3,1-4,2*1-5,1-6,2-3,2-4,2*2-5,2-6,3-4,2*3-5,3-6,4-5,4-6,4-7,2*5-6,2*5-7,2*6-7
8	I	2	{1,0,4,24,72,272,1016,2544,2628}	144	2*0-2,2*0-3,0-6,0-7,2*1-6,2*1-7,2*2-4,2-5,2*3-4,3-5,3-6,3-7,2*4-5,4-6,4-7,2*5-6,2*5-7,6-7
8	I	2	{1,0,4,2,50,382,1038,2368,2716}	144	2*0-2,0-3,2*0-4,2*0-5,1-2,2*1-3,1-4,1-5,2-4,2-5,2-7,2*3-4,2*3-5,2*3-7,4-6,4-7,2*5-6,2*6-7
8	I	2	{1,0,4,2,58,350,1086,2336,2724}	216	2*0-1,0-5,2*0-6,0-7,2*1-5,1-6,2*1-7,2*2-3,2*2-4,2*2-5,2*2-6,3-4,3-5,3-6,2*4-5,4-6,4-7,2*5-6,2*5-7
8	I	2	{1,0,4,2,58,350,1086,2336,2724}	72	0-1,2*0-2,2*0-3,0-4,0-6,2*1-2,2*1-5,1-6,1-7,2-5,2*2-6,2*2-7,2*3-4,2*3-5,2*3-6,2*3-7,4-5,4-6,4-7,5-6,5-7,2*6-7
8	I	2	{1,0,4,26,70,278,990,2576,2616}	1296	2*0-5,0-6,1-5,2*1-6,2-4,2*2-5,2-6,2*2-7,3-4,3-5,2*3-6,3-7,5-6
8	I	2	{1,0,4,26,70,278,990,2576,2616}	2592	2*0-1,0-2,2*0-3,0-4,0-5,2*0-6,2*1-3,1-4,1-5,2*1-6,2-3,2*2-4,2*2-5,2-6,3-5,2*3-6,2*4-5,4-6,2*5-6,2*5-7,2*6-7
8	I	2	{1,0,4,2,74,286,1182,2272,2740}	144	0-1,2*0-2,0-3,2*0-4,0-5,2*0-7,2*1-2,1-5,1-6,2*2-5,2*2-6,2*3-4,3-5,3-6,3-7,2*4-5,2*4-6,2*4-7,2*5-6,2*5-7
8	I	2	{1,0,4,2,74,286,1182,2272,2740}	144	0-5,0-6,0-7,2*1-3,1-4,2*1-5,1-6,1-7,2-3,2*2-4,2-5,2*2-6,2*2-7,2*3-5,3-6,2*3-7,4-5,2*4-6,4-7,2*5-6,2*5-7,2*6-7
8	I	2	{1,0,4,28,76,252,1012,2576,2612}	288	0-2,0-3,2*1-2,2*1-3,2-3,2-4,2-5,2-6,2-7,3-4,3-5,3-6,3-7,4-6,2*4-7,2*5-6,5-7
8	I	2	{1,0,4,2,94,206,1302,2192,2760}	216	0-1,0-2,0-3,0-4,0-7,1-2,1-3,1-4,2*1-5,2*1-6,1-7,2-3,2-4,2-5,2-6,2-7,2*3-5,2*3-6,2*4-5,2*4-6,5-6,5-7,6-7
8	I	2	{1,0,4,34,78,238,982,2640,2584}	1296	0-2,2*0-3,2*0-4,2*1-2,1-3,1-4,2-4,2*2-5,2-6,2*3-4,3-5,2*3-6,4-5,2*4-6,5-6,2*5-7,2*6-7
8	I	2	{1,0,4,36,80,228,980,2656,2576}	864	0-1,2*0-2,0-3,2*0-4,2*0-7,1-2,2*1-3,1-4,1-7,2-3,2*2-4,2-6,3-4,2*3-6,2*4-6,4-7,2*5-6,2*5-7,2*6-7
8	I	2	{1,0,4,4,48,388,1012,2400,2704}	144	2*0-2,0-3,2*0-4,0-5,1-2,2*1-3,2*1-4,1-5,1-6,2*1-7,2-3,2*2-7,3-7,4-5,2*4-6,5-6,2*6-7
8	I	2	{1,0,4,4,48,388,1012,2400,2704}	288	0-4,0-5,2*0-6,2*0-7,2*1-4,2*1-5,2*1-6,2*1-7,2*2-3,2*2-4,2*2-5,2*2-6,2*2-7,3-4,3-5,2*3-6,2*3-7,4-5,2*6-7
8	I	2	{1,0,4,4,52,372,1036,2384,2708}	144	0-1,0-4,2*0-5,2*0-7,2*1-4,1-5,1-7,2*2-3,2-4,2-5,2-6,2-7,2*3-4,2*3-5,2*3-6,2*3-7,4-5,2*4-7,2*6-7
8	I	2	{1,0,4,4,52,372,1036,2384,2708}	144	0-1,2*0-4,0-5,2*0-6,1-2,2*1-3,1-7,2-3,2-6,2-7,2*3-6,2*3-7,4-5,4-6,4-7,2*5-6,2*5-7,6-7
8	I	2	{1,0,4,4,52,372,1036,2384,2708}	144	2*0-2,0-3,2*0-4,2*0-5,2*0-6,1-2,2*1-3,2*1-4,2*1-5,1-6,1-7,2-4,2-5,2-6,2*2-7,2*3-4,2*3-5,2*3-6,3-7,2*4-5,2*6-7
8	I	2	{1,0,4,4,52,372,1036,2384,2708}	72	0-2,2*0-3,0-6,2*0-7,2*1-2,1-3,2*1-6,1-7,2-3,2*2-4,2-5,2-7,3-4,2*3-5,2*3-7,2*4-5,2*4-7,5-6,2*6-7
8	I	2	{1,0,4,4,60,340,1084,2352,2716}	72	0-1,0-2,2*0-3,2*0-4,2*0-5,2*0-6,2*0-7,2*1-2,1-3,2*1-7,2-3,2-4,2-7,2*3-4,2*3-7,4-5,4-6,5-6,5-7,6-7
8	I	2	{1,0,4,4,60,340,1084,2352,2716}	72	2*0-1,2*0-2,0-3,0-5,0-6,0-7,2*1-2,1-3,2*1-4,1-5,1-6,2*1-7,2-3,2*2-5,2*2-6,2-7,3-5,3-6,2*3-7,4-7,2*5-6
8	I	2	{1,0,4,4,64,324,1108,2336,2720}	144	0-1,0-2,2*0-3,2*0-4,2*0-5,2*0-6,2*0-7,2*1-3,1-4,1-5,2*2-3,2-6,2-7,3-6,3-7,4-5,4-6,4-7,5-6,5-7
8	I	2	{1,0,4,4,64,324,1108,2336,2720}	144	0-2,2*0-3,2*0-4,0-5,2*0-6,2*0-7,2*1-2,1-3,1-4,2*1-5,2*1-6,2*1-7,2-3,2-4,2*2-5,2*2-6,2*2-7,2*3-4,3-5,2*3-6,2*3-7,2*6-7
8	I	2	{1,0,4,4,76,276,1180,2288,2732}	144	0-2,0-3,2*0-4,0-5,0-6,0-7,1-2,1-3,1-4,2*1-5,1-6,1-7,2*2-3,2*2-6,2*2-7,2*3-6,2*3-7,2*4-5,4-6,4-7,5-6,5-7,6-7
8	I	2	{1,0,4,4,76,276,1180,2288,2732}	144	2*0-1,2*0-4,2*0-6,0-7,2*1-5,2*1-6,1-7,2-4,2-5,2*2-6,2-7,3-4,3-5,2*3-6,3-7,4-5,6-7
8	I	2	{1,0,4,4,84,244,1228,2256,2740}	144	2*0-1,2*0-2,0-3,0-6,0-7,1-4,2*1-5,2*1-6,2*1-7,2-3,2*2-4,2-5,2-6,3-4,2*3-5,2*3-6,4-5,4-6,2*4-7,2*5-6,5-7,2*6-7
8	I	2	{1,0,4,6,54,362,1034,2400,2700}	72	2*0-1,0-2,2*0-3,0-4,2*0-5,0-6,2*0-7,2*1-2,1-3,2*1-4,2*1-5,1-6,2*2-4,2*2-7,3-4,3-7,4-5,2*4-6,2*4-7,5-6
8	I	2	{1,0,4,6,54,362,1034,2400,2700}	72	2*0-1,0-2,2*0-3,0-5,0-6,1-2,2*1-3,1-4,2*1-5,2*1-6,1-7,2-4,2-7,2*3-4,2*3-7,4-5,4-6,2*4-7,2*5-6
8	I	2	{1,0,4,6,66,314,1106,2352,2712}	72	2*0-1,0-2,0-3,0-4,2*0-5,0-6,2*0-7,1-3,1-4,1-5,2*1-6,1-7,2-5,2*2-6,2-7,3-4,2*3-5,3-6,3-7,2*4-5,4-6,4-7,5-6
8	I	2	{1,0,4,6,78,266,1178,2304,2724}	72	0-1,2*0-2,0-3,0-4,2*0-6,2*0-7,1-4,2*1-5,1-6,1-7,2*2-4,2-5,2*2-6,2*2-7,3-4,2*3-5,2*3-6,2*3-7,2*4-5
8	I	2	{1,0,4,6,78,266,1178,2304,2724}	72	2*0-1,0-2,0-3,2*0-5,0-6,0-7,1-4,1-5,1-6,1-7,2*2-4,2*2-5,2*2-6,2*2-7,2*3-4,2*3-5,3-6,3-7,4-6,4-7,5-6,5-7,6-7
8	I	2	{1,0,4,8,100,176,1296,2240,2736}	1728	0-1,0-2,0-3,0-4,2*0-6,2*1-2,2*1-3,2*1-4,1-6,2*2-3,2-5,2-7,3-5,3-7,2*4-5,4-7,6-7
8	I	2	{1,0,4,8,52,368,1008,2432,2688}	432	2*0-2,0-3,0-4,2*0-5,2*0-6,1-2,2*1-3,2*1-4,1-5,2*1-6,2-3,2*2-6,2-7,3-6,2*3-7,4-5,2*4-7,5-7
8	I	2	{1,0,4,8,52,368,1008,2432,2688}	864	0-1,2*0-2,0-4,2*0-5,2*0-6,2*0-7,2*1-2,2*1-3,2*1-4,1-5,2*1-6,2*1-7,2*2-3,2-4,2*2-5,2-6,2-7,4-5,2*6-7
8	I	2	{1,0,4,8,56,352,1032,2416,2692}	144	0-1,2*0-5,2*0-6,0-7,2*1-4,2*1-6,1-7,2*2-3,2-4,2-5,2*2-6,2-7,2*3-4,2*3-5,3-6,2*3-7,2*4-5,2*6-7
8	I	2	{1,0,4,8,56,352,1032,2416,2692}	144	2*0-2,0-3,0-4,2*0-5,2*0-6,2*0-7,2*1-2,1-3,2*1-4,1-5,2*1-6,2*1-7,2-3,2-6,2-7,2*3-6,2*3-7,4-5,2*4-6,2*4-7,2*5-6,2*5-7,2*6-7
8	I	2	{1,0,4,8,56,352,1032,2416,2692}	288	2*0-1,0-2,2*0-4,2*0-5,0-6,2*0-7,1-3,1-4,1-5,2*1-6,1-7,2*2-3,2-6,2*2-7,2*3-6,3-7,4-6,2*4-7,5-6,2*5-7,6-7
8	I	2	{1,0,4,8,56,352,1032,2416,2692}	576	2*0-1,0-2,0-3,2*0-4,0-6,2*0-7,2*1-2,2*1-3,1-4,2*1-6,1-7,2*2-3,2*4-5,4-7,5-6,5-7,6-7
8	I	2	{1,0,4,8,56,352,1032,2416,2692}	72	0-1,2*0-2,0-3,2*0-4,0-5,2*0-6,1-2,2*1-3,1-4,2*1-5,1-6,2-3,2*2-5,2*2-6,2-7,3-5,3-6,2*3-7,2*4-5,4-6,2*4-7,2*5-7
8	I	2	{1,0,4,8,56,352,1032,2416,2692}	72	2*0-1,2*0-2,0-3,0-4,2*0-5,0-6,2*0-7,1-2,2*1-3,2*1-4,1-5,2*1-6,1-7,2*2-3,2*2-5,2*2-6,2*2-7,3-5,3-6,3-7,2*4-6,4-7,2*6-7
8	I	2	{1,0,4,8,64,320,1080,2384,2700}	216	0-1,0-2,0-4,2*0-5,2*0-6,0-7,2*1-2,2*1-4,1-5,1-6,2*1-7,2-4,2*2-5,2*2-6,2-7,3-4,2*3-5,3-6,2*3-7,2*4-5,2*5-6,5-7,2*6-7
8	I	2	{1,0,4,8,64,320,1080,2384,2700}	576	0-1,0-2,2*0-3,2*0-4,0-5,0-6,2*0-7,2*1-2,1-3,1-4,2*1-5,2*1-6,1-7,2-3,2*2-4,2-5,2-6,2*2-7,3-4,2*3-5,2*3-6,3-7,4-5,4-7,5-6,6-7
8	I	2	{1,0,4,8,64,320,1080,2384,2700}	864	2*0-1,2*0-2,0-3,2*0-4,2*0-6,1-2,2*1-3,1-4,1-6,2-3,2-4,2-7,2*3-4,2*3-7,2*4-5,2*4-6,4-7,2*5-6,2*5-7
8	I	2	{1,0,4,8,68,304,1104,2368,2704}	288	0-1,2*0-2,2*0-3,2*0-4,2*0-5,0-6,0-7,2*1-2,2*1-3,1-4,1-5,2*1-6,2*1-7,2-3,2-4,2-5,2-6,2-7,2*3-4,2*3-5,2*3-6,2*3-7,2*4-5,6-7
8	I	2	{1,0,4,8,68,304,1104,2368,2704}	288	0-1,2*0-3,2*0-4,0-5,2*0-6,2*0-7,2*1-2,1-4,2*1-5,1-6,1-7,2-3,2-4,2*2-5,2*2-6,2*2-7,2*3-4,3-5,3-6,3-7,4-5,2*6-7
8	I	2	{1,0,4,8,68,304,1104,2368,2704}	576	0-1,2*0-4,2*0-5,1-4,1-5,2-3,2-4,2*2-5,2*2-6,2*3-4,3-5,3-6,4-7,2*5-7,6-7
8	I	2	{1,0,4,8,68,304,1104,2368,2704}	72	2*0-1,0-2,2*0-3,0-4,2*0-5,0-6,0-7,1-2,2*1-3,2*1-4,2-3,2*2-4,2-5,3-4,2*3-5,2*4-6,2*4-7,2*5-6,2*5-7,2*6-7
8	I	2	{1,0,4,8,68,304,1104,2368,2704}	72	2*0-1,0-5,0-6,2*0-7,2*1-5,1-6,2*1-7,2-3,2*2-4,2-5,2*2-6,2-7,3-4,2*3-5,3-6,2*3-7,2*4-5,2*4-6,4-7,6-7
8	I	2	{1,0,4,8,80,256,1176,2320,2716}	576	0-1,2*0-3,0-6,0-7,2*1-2,2*1-6,2*1-7,2-3,2-6,2-7,2*3-6,2*3-7,2*4-5,2*4-6,2*4-7,5-6,5-7,2*6-7
8	I	2	{1,0,4,8,80,256,1176,2320,2716}	576	2*0-2,2*0-3,0-4,2*0-5,2*0-6,0-7,2*1-2,2*1-3,2*1-4,1-5,1-6,2*1-7,2*2-4,2-5,2-6,2*2-7,3-4,2*3-5,2*3-6,3-7,4-6,2*4-7,2*5-6,5-7
8	I	2	{1,0,56,112,420,560,616,336,4460}	176359680	2*0-1,0-2,2*0-3,0-4,2*0-5,0-6,2*0-7,2*1-2,1-3,2*1-4,1-5,2*1-6,1-7,2*2-3,2-4,2*2-5,2-6,2*2-7,2*3-4,3-5,2*3-6,3-7,2*4-5,4-6,2*4-7,2*5-6,5-7,2*6-7
8	I	2	{1,0,6,0,102,244,1292,2064,2852}	864	0-1,2*0-2,0-3,2*1-4,1-5,2*2-3,2*2-6,2-7,3-6,2*3-7,2*4-5,4-6,2*4-7,2*5-6,5-7,6-7
8	I	2	{1,0,6,0,102,244,1292,2064,2852}	864	0-2,2*0-3,0-4,2*0-5,2*0-6,2*0-7,1-2,2*1-3,1-4,2*1-5,1-6,1-7,2-4,2*2-5,2*2-6,2*2-7,2*3-4,3-5,3-6,3-7,4-6,4-7,2*5-6,2*5-7,6-7
8	I	2	{1,0,6,0,126,148,1436,1968,2876}	2592	2*0-1,2*0-2,0-3,2*0-4,2*0-5,2*0-6,2*0-7,1-2,2*1-3,2*1-4,2*1-5,2*1-6,2*1-7,2*2-3,2*2-4,2*2-5,2-6,2-7,3-4,3-5,2*3-6,2*3-7,2*4-5,2*6-7
8	I	2	{1,0,6,0,126,148,1436,1968,2876}	2592	2*0-1,2*0-2,0-3,2*0-6,2*0-7,2*1-4,1-5,1-6,1-7,2*2-4,2-5,2*2-6,2*2-7,3-4,2*3-5,3-6,3-7,4-6,4-7,2*5-6,2*5-7,2*6-7
8	I	2	{1,0,6,0,54,436,1004,2256,2804}	2592	2*0-1,2*0-2,0-3,2*0-4,0-5,2*0-6,2*0-7,2*1-2,1-3,2*1-4,1-5,1-6,1-7,2*2-3,2*2-6,2*2-7,3-6,3-7,2*4-5,4-6,4-7,2*5-6,2*5-7,2*6-7
8	I	2	{1,0,6,0,78,340,1148,2160,2828}	864	0-1,0-3,0-4,2*0-5,2*1-3,2*1-4,1-5,2-4,2*2-5,2*2-6,2*2-7,2*3-4,3-5,2*3-6,2*3-7,2*4-5,2*4-6,2*4-7,5-6,5-7,2*6-7
8	I	2	{1,0,6,0,78,340,1148,2160,2828}	864	2*0-1,0-4,2*0-5,0-6,2*0-7,2*1-4,1-5,2*1-6,1-7,2*2-3,2-6,2*2-7,3-4,2*3-5,4-5,6-7
8	I	2	{1,0,6,10,60,402,970,2352,2760}	432	0-1,2*0-2,0-3,2*0-4,2*0-6,1-2,2*1-3,1-4,1-6,2-3,2*2-4,2*2-6,2*3-4,2*3-7,4-5,2*4-6,2*4-7,2*5-6,5-7,2*6-7
8	I	2	{1,0,6,10,60,402,970,2352,2760}	648	0-1,2*0-2,0-3,0-4,2*1-2,1-3,1-4,2*2-3,2*2-4,3-4,3-6,2*3-7,2*4-5,4-7,5-6,5-7,6-7
8	I	2	{1,0,6,10,76,338,1066,2288,2776}	432	0-4,0-5,0-6,0-7,1-4,1-5,2*2-4,2*2-5,2-6,2-7,3-4,3-5,2*3-6,2*3-7,6-7
8	I	2	{1,0,6,10,88,290,1138,2240,2788}	864	0-1,2*0-2,0-3,1-2,2*1-3,1-4,2*1-5,2*2-4,2-5,3-4,2*3-5,2*4-6,4-7,5-6,2*5-7,6-7
8	I	2	{1,0,6,10,88,290,1138,2240,2788}	864	2*0-1,2*0-2,0-3,1-2,2*1-3,2*1-6,1-7,2-3,2*2-6,2-7,3-6,2*3-7,4-5,4-6,2*4-7,2*5-6,5-7,2*6-7
8	I	2	{1,0,6,10,96,258,1186,2208,2796}	1296	0-1,2*0-2,2*0-3,2*0-4,2*0-5,2*0-6,2*1-2,2*1-3,2*1-4,2*1-5,2*1-6,2-3,2-4,2-5,2-6,3-4,2*3-6,3-7,2*4-5,4-7,5-6,5-7,6-7
8	I	2	{1,0,6,10,96,258,1186,2208,2796}	1944	0-3,0-4,1-3,1-4,2*2-3,2*2-4,3-4,2*3-5,3-6,2*3-7,2*4-6,4-7,2*5-6,2*5-7
8	I	2	{1,0,6,12,66,376,992,2352,2756}	864	0-4,0-5,0-6,0-7,1-4,1-5,2*2-3,2*2-4,2*2-5,2*2-6,2*2-7,3-4,3-5,3-6,3-7,2*4-5,2*6-7
8	I	2	{1,0,6,12,66,376,992,2352,2756}	864	2*0-1,2*0-2,0-3,2*0-4,0-5,2*0-6,2*0-7,2*1-2,1-3,2*1-4,1-5,1-6,1-7,2*2-4,2-5,2*2-6,2*2-7,3-4,2*3-5,3-6,3-7,4-6,4-7,2*5-6,2*5-7,2*6-7
8	I	2	{1,0,6,12,74,344,1040,2320,2764}	432	0-1,0-4,2*0-5,0-6,0-7,2*1-2,1-3,1-4,2*1-5,2*2-4,2-5,2-6,2-7,3-4,2*3-5,2*3-6,2*3-7,4-6,4-7,2*5-6,2*5-7,2*6-7
8	I	2	{1,0,6,14,64,382,966,2384,2744}	864	2*0-6,2*0-7,1-4,1-5,1-6,1-7,2*2-3,2-4,2-5,2*2-6,2*2-7,2*3-4,2*3-5,3-6,3-7,2*4-5
8	I	2	{1,0,6,14,76,334,1038,2336,2756}	216	2*0-3,0-4,0-5,0-6,2*1-3,1-4,1-5,1-6,2-3,2*2-4,2*2-5,2*2-6,2*3-5,2*3-7,2*4-5,4-6,4-7,2*6-7
8	I	2	{1,0,6,14,76,334,1038,2336,2756}	432	0-1,0-2,2*0-3,0-4,0-5,0-6,0-7,2*1-4,2*1-5,2*1-6,2*1-7,2*2-4,2*2-5,2*2-6,2*2-7,3-4,3-5,3-6,3-7,4-5,2*4-7,2*5-6,6-7
8	I	2	{1,0,6,16,66,372,964,2400,2736}	3888	0-1,2*0-2,0-3,0-4,2*1-2,1-3,1-4,2*2-3,2*2-4,3-4,2*3-5,3-6,4-5,2*4-6,5-6,5-7,6-7
8	I	2	{1,0,6,16,66,372,964,2400,2736}	972	0-4,0-5,0-6,2*1-4,2*1-5,2*1-6,2-4,2-5,2-6,3-4,2*3-6,3-7,2*4-6,2*4-7,5-7
8	I	2	{1,0,6,16,70,356,988,2384,2740}	864	2*0-2,2*0-5,2*1-3,2*1-4,2*2-3,2*2-4,2-5,2*2-6,2-7,3-4,2*3-5,2*3-6,3-7,2*4-5,2*4-6,4-7,2*5-6,5-7
8	I	2	{1,0,6,16,78,324,1036,2352,2748}	864	2*0-1,2*0-2,0-3,0-4,2*0-5,2*0-6,2*0-7,2*1-2,1-3,2*1-6,2*1-7,2*2-3,2*2-4,2-5,3-4,2*3-5,2*4-5,4-6,4-7,2*5-6,2*5-7,6-7
8	I	2	{1,0,6,16,78,324,1036,2352,2748}	864	2*0-1,2*0-4,0-5,2*0-6,2*0-7,2*1-2,1-3,1-6,1-7,2-3,2*2-4,2-5,2-6,2-7,3-4,2*3-5,2*3-6,2*3-7,2*4-6,2*4-7,5-6,5-7,2*6-7
8	I	2	{1,0,6,18,80,314,1034,2368,2740}	864	0-2,0-3,0-6,0-7,2*1-2,2*1-3,2*2-3,2-6,2-7,3-6,3-7,2*4-5,4-6,4-7,2*5-6,2*5-7,2*6-7
8	I	2	{1,0,6,20,82,304,1032,2384,2732}	216	0-3,0-4,0-5,0-6,2*0-7,1-3,1-4,1-5,1-6,2*1-7,2*2-3,2*2-4,2*2-5,2*2-6,2-7,2*3-4,3-5,4-6,5-7,6-7
8	I	2	{1,0,6,20,86,288,1056,2368,2736}	864	2*0-2,2*0-3,1-2,1-3,2-6,2*2-7,3-6,2*3-7,4-5,4-6,4-7,2*5-6,2*5-7,6-7
8	I	2	{1,0,6,2,100,250,1266,2096,2840}	1080	2*0-1,0-2,2*0-3,2*0-5,2*0-7,1-2,2*1-3,2*1-5,2*1-7,2-3,2-5,2-7,3-4,2*3-5,3-7,2*4-6,4-7,5-6,5-7,6-7
8	I	2	{1,0,6,22,72,342,958,2448,2712}	1944	2*0-1,0-2,0-3,0-5,2*0-6,2*0-7,1-2,1-3,2*1-5,1-6,1-7,2*2-3,2-5,2*2-6,2*2-7,3-5,2*3-6,2*3-7,4-5,2*4-6,2*4-7,2*5-6,5-7
8	I	2	{1,0,6,22,72,342,958,2448,2712}	432	2*0-1,0-2,2*0-3,2*0-4,2*0-5,2*0-6,1-2,2*1-3,2*1-4,2*1-5,2*1-6,2-3,2-4,2-5,2-6,2*3-4,3-5,2*3-7,4-6,4-7,2*5-6,5-7,2*6-7
8	I	2	{1,0,6,22,76,326,982,2432,2716}	864	2*0-5,2*0-6,2*1-2,1-3,2*1-5,2*1-6,2-3,2-5,2-6,2*3-5,2*3-6,4-5,4-6,4-7,2*5-6,2*5-7,2*6-7
8	I	2	{1,0,6,26,80,306,978,2464,2700}	432	2*0-4,2*0-5,1-4,1-5,2-3,2*2-4,2*2-5,2*2-6,2-7,3-4,3-5,2*3-6,3-7,4-5,4-6,2*4-7,5-6,2*5-7,6-7
8	I	2	{1,0,6,28,90,264,1024,2448,2700}	2592	2*0-1,0-2,2*0-3,0-4,2*0-5,0-7,2*1-2,1-3,2*1-4,1-5,2*1-7,2*2-3,2-4,2*2-5,2*2-6,2*3-4,3-5,3-6,2*4-5,4-6,2*4-7,2*5-6,5-7,6-7
8	I	2	{1,0,6,28,90,264,1024,2448,2700}	864	0-1,0-2,2*0-3,2*0-4,0-5,0-6,0-7,2*1-2,1-3,1-4,2*1-5,2*1-6,2*1-7,2*2-3,2-4,2*2-5,2*2-7,2*3-4,3-5,3-7,2*4-5,4-6,2*5-6,2*6-7
8	I	2	{1,0,6,30,80,302,950,2512,2680}	2592	2*0-6,2*0-7,1-2,2*1-3,1-4,1-5,1-6,1-7,2-3,2*2-4,2*2-5,2*2-6,2*2-7,3-4,3-5,2*3-6,2*3-7,2*4-5,4-6,4-7
8	I	2	{1,0,6,34,84,282,946,2544,2664}	1944	2*0-1,0-2,2*0-3,0-5,2*0-6,1-2,2*1-3,1-5,2*1-6,2-3,2*2-5,2-6,2*3-5,3-7,2*4-5,2*4-6,2*4-7,5-6
8	I	2	{1,0,6,36,86,272,944,2560,2656}	2592	2*0-6,2*0-7,1-6,1-7,2*2-3,2-4,2-5,2*3-4,2*3-5,4-5,2*4-6,2*4-7,5-6,5-7,6-7
8	I	2	{1,0,6,4,102,240,1264,2112,2832}	1728	0-1,2*0-2,0-3,0-6,0-7,2*1-2,1-3,2*1-6,2*1-7,2-3,2*4-5,2*4-6,2*4-7,5-6,5-7,2*6-7
8	I	2	{1,0,6,4,118,176,1360,2048,2848}	1728	2*0-2,2*0-3,2*0-4,2*0-6,2*1-2,2*1-3,1-4,1-6,2-3,2*4-5,4-6,2*6-7
8	I	2	{1,0,6,4,58,416,1000,2288,2788}	432	0-1,2*0-2,0-3,2*0-4,2*0-6,0-7,2*1-3,1-4,2*1-5,1-6,2*1-7,2-3,2*2-4,2-5,2*2-6,2-7,3-4,2*3-5,2*3-6,3-7,4-5,4-6,2*4-7
8	I	2	{1,0,6,4,58,416,1000,2288,2788}	432	2*0-1,0-2,2*0-3,0-4,0-5,2*1-2,2*1-3,1-4,1-5,2*1-6,1-7,2-3,2*2-4,2*2-5,2-6,2*2-7,2*3-4,2*3-6,3-7,4-6,2*4-7,2*5-6,5-7,6-7
8	I	2	{1,0,6,4,66,384,1048,2256,2796}	864	0-1,2*0-2,0-3,0-4,2*0-5,0-6,2*0-7,1-2,2*1-3,2*1-4,1-5,2*1-6,1-7,2-4,2*2-5,2*2-6,2*3-4,3-5,3-6,2*4-7,5-7
8	I	2	{1,0,6,4,70,368,1072,2240,2800}	1728	2*0-1,2*0-2,0-3,2*0-4,0-5,2*0-6,0-7,1-2,2*1-3,2*1-4,1-5,2*1-6,1-7,2*2-3,2*4-6,4-7,5-6,2*5-7
8	I	2	{1,0,6,4,70,368,1072,2240,2800}	1728	2*0-2,2*0-3,0-6,0-7,1-2,1-3,1-6,1-7,2*2-3,2*4-5,2*4-6,2*4-7,5-6,5-7,2*6-7
8	I	2	{1,0,6,4,82,320,1144,2192,2812}	864	0-1,2*0-2,0-3,2*0-4,2*0-5,2*0-6,2*0-7,2*1-2,1-3,1-4,1-5,1-6,1-7,2*2-3,2*2-4,2*2-5,2-6,2-7,3-4,3-5,2*3-6,2*3-7,2*4-5
8	I	2	{1,0,6,4,82,320,1144,2192,2812}	864	2*0-1,0-2,2*0-3,2*0-6,2*0-7,1-4,2*1-5,1-6,1-7,2*2-4,2-5,2-6,2-7,3-4,2*3-5,2*3-6,2*3-7,2*4-6,2*4-7,5-6,5-7,6-7
8	I	2	{1,0,6,4,90,288,1192,2160,2820}	648	0-1,2*0-2,2*0-3,2*0-4,2*0-5,2*1-2,2*1-3,2*1-4,2*1-5,2-3,2-4,2-5,3-4,2*3-5,2*3-6,4-5,4-6,2*4-7,5-7,2*6-7
8	I	2	{1,0,6,6,72,358,1070,2256,2792}	432	2*0-1,0-2,0-5,2*0-6,2*0-7,1-5,2*1-6,2*1-7,2*2-5,2-6,2-7,3-4,2*3-5,3-6,2*3-7,4-5,2*4-6,4-7,2*5-6,5-7,2*6-7
8	I	2	{1,0,6,8,62,396,996,2320,2772}	864	0-1,2*0-2,0-3,2*0-7,1-2,2*1-3,1-7,2-3,2-6,2*3-6,2*4-5,4-6,4-7,2*5-6,2*5-7
8	I	2	{1,0,6,8,70,364,1044,2288,2780}	216	0-1,2*0-2,2*0-3,0-4,0-5,2*1-2,2*1-3,1-4,1-5,2-3,2*2-4,2*2-5,3-4,3-6,4-5,4-6,2*4-7,5-7,2*6-7
8	I	2	{1,0,6,8,70,364,1044,2288,2780}	216	0-1,2*0-2,2*0-3,2*0-4,2*0-5,2*1-2,2*1-3,2*1-4,2*1-5,2-3,2-4,2-5,2*3-5,3-6,4-5,2*4-6,2*4-7,5-7,2*6-7
8	I	2	{1,0,6,8,86,300,1140,2224,2796}	864	0-1,0-2,2*0-3,0-4,2*0-5,2*1-2,1-3,2*1-4,1-5,2-3,2*2-4,2-5,2-6,2-7,3-4,2*3-5,2*3-6,2*3-7,2*4-5,2*4-6,2*4-7,2*6-7
8	I	2	{1,0,6,8,86,300,1140,2224,2796}	864	0-2,2*0-3,0-4,2*0-6,0-7,2*1-2,1-3,2*1-4,1-6,2*1-7,2-5,2*2-6,2-7,2*3-5,3-6,2*3-7,2*4-5,2*4-6,4-7,2*5-6,5-7
8	I	2	{1,0,6,8,94,268,1188,2192,2804}	432	0-1,2*0-2,0-6,0-7,2*1-2,1-3,2*1-4,1-5,2*1-6,2*1-7,2*2-3,2-4,2*2-5,2-6,2-7,3-4,2*3-5,4-5,2*5-6,2*5-7
8	I	2	{1,0,8,0,108,288,1256,1968,2932}	10368	2*0-1,0-4,2*0-5,0-6,2*0-7,2*1-4,1-5,2*1-6,1-7,2*2-3,2-4,2*2-5,2-6,2*2-7,2*3-4,3-5,2*3-6,3-7,4-5,2*6-7
8	I	2	{1,0,8,0,108,288,1256,1968,2932}	10368	2*0-2,0-3,0-4,2*0-5,1-2,2*1-3,2*1-4,1-5,2-4,2*2-5,2*3-4,3-5,2*4-5,2*4-6,4-7,5-6,2*5-7,6-7
8	I	2	{1,0,8,0,120,240,1328,1920,2944}	20736	2*0-1,2*0-2,0-3,0-4,2*0-5,2*0-6,0-7,1-2,2*1-3,2*1-4,1-5,1-6,2*1-7,2*2-3,2-4,2*2-5,2-6,2*2-7,2*3-4,3-5,2*3-6,3-7,2*4-5,6-7
8	I	2	{1,0,8,0,132,192,1400,1872,2956}	62208	0-1,2*0-6,2*0-7,1-6,1-7,2-3,2*2-6,2*2-7,3-6,3-7,4-5,4-6,4-7,2*5-6,2*5-7,2*6-7
8	I	2	{1,0,8,0,132,192,1400,1872,2956}	62208	2*0-1,0-2,0-3,2*0-4,2*0-5,2*0-6,0-7,2*1-2,2*1-3,1-4,1-5,1-6,2*1-7,2*2-3,2*4-5,6-7
8	I	2	{1,0,8,0,156,96,1544,1776,2980}	20736	0-1,0-2,2*0-3,0-4,2*0-5,2*1-2,1-3,2*1-4,1-5,2-3,2-4,2*2-5,2*3-4,3-5,4-5,4-6,2*4-7,2*5-6,5-7,2*6-7
8	I	2	{1,0,8,0,164,64,1592,1744,2988}	62208	0-2,2*0-3,2*0-4,0-5,0-6,2*0-7,2*1-2,1-3,1-4,2*1-5,2*1-6,1-7,2*2-3,2*4-5,2*6-7
8	I	2	{1,0,8,0,56,496,944,2176,2880}	31104	0-4,2*0-5,0-6,2*0-7,2*1-4,1-5,2*1-6,1-7,2-3,2-4,2*2-5,2*2-6,2-7,2*3-4,3-5,3-6,2*3-7,4-6,2*4-7,2*5-6,5-7,2*6-7
8	I	2	{1,0,8,0,60,480,968,2160,2884}	10368	0-2,2*0-3,2*0-4,0-5,2*0-6,2*0-7,2*1-2,1-3,1-4,2*1-5,1-6,1-7,2*2-3,2-4,2*2-5,2*3-4,3-5,2*6-7
8	I	2	{1,0,8,0,72,432,1040,2112,2896}	5184	0-1,0-2,2*0-3,0-4,2*0-5,0-6,2*0-7,2*1-2,1-3,2*1-4,1-5,2*1-6,1-7,2-3,2*2-4,2-5,2-6,2*2-7,3-4,2*3-5,2*3-6,3-7,6-7
8	I	2	{1,0,8,0,92,352,1160,2032,2916}	20736	2*0-4,0-5,0-6,2*0-7,1-4,2*1-5,2*1-6,1-7,2*2-3,2*2-4,2-5,3-4,2*3-5,2*4-5,4-6,2*4-7,2*5-6,5-7,2*6-7
8	I	2	{1,0,8,0,92,352,1160,2032,2916}	20736	2*0-4,0-5,2*0-6,0-7,1-4,2*1-5,1-6,2*1-7,2*2-3,2*2-4,2-5,3-4,2*3-5,4-5,2*4-6,4-7,5-6,2*5-7
8	I	2	{1,0,8,10,102,302,1150,2112,2876}	648	0-3,0-4,0-5,0-6,1-3,1-4,1-5,1-6,2*2-3,2*2-4,2*2-5,2*2-6,3-4,2*3-6,3-7,2*4-6,4-7,5-6,2*5-7,2*6-7
8	I	2	{1,0,8,10,66,446,934,2256,2840}	3888	0-1,2*0-2,0-3,0-4,2*1-2,1-3,1-4,2*2-3,2*2-4,3-4,3-5,2*3-6,4-5,2*4-6,2*5-6,5-7,6-7
8	I	2	{1,0,8,12,96,324,1100,2160,2860}	5184	0-1,0-2,2*0-3,0-4,2*0-5,2*1-2,1-3,2*1-4,1-5,2*2-4,2-5,3-4,2*3-5,4-5,2*4-6,4-7,5-6,2*5-7,6-7
8	I	2	{1,0,8,12,96,324,1100,2160,2860}	5184	2*0-1,2*0-2,0-3,2*0-6,2*0-7,1-2,2*1-3,1-6,1-7,2-3,2-6,2-7,2*3-6,2*3-7,4-5,2*4-6,2*4-7,5-6,5-7,2*6-7
8	I	2	{1,0,8,14,82,378,1002,2240,2836}	648	0-3,0-4,0-5,0-6,1-3,1-4,1-5,1-6,2*2-3,2*2-4,2*2-5,2*2-6,3-4,3-5,2*3-7,2*4-5,2*4-6,4-7,2*5-6,5-7,2*6-7
8	I	2	{1,0,8,14,82,378,1002,2240,2836}	648	0-3,0-4,0-5,0-6,1-3,1-4,1-5,1-6,2*2-3,2*2-4,2*2-5,2*2-6,3-6,2*3-7,2*4-5,2*4-6,4-7,2*5-6,5-7,2*6-7
8	I	2	{1,0,8,16,120,224,1216,2112,2864}	15552	0-1,0-2,2*0-3,0-4,2*0-5,2*1-2,1-3,2*1-4,1-5,2-3,2*2-4,2-5,2*2-6,2*2-7,3-4,2*3-5,3-6,3-7,4-5,4-6,4-7,2*5-6,2*5-7,6-7
8	I	2	{1,0,8,16,72,416,928,2304,2816}	1296	2*0-1,0-2,2*0-6,2*0-7,1-2,2*1-6,2*1-7,2-6,2-7,3-4,3-5,2*3-6,3-7,2*4-5,4-6,2*4-7,2*5-6,5-7
8	I	2	{1,0,8,16,72,416,928,2304,2816}	3888	2*0-5,2*0-6,2*0-7,2*1-5,2*1-6,2*1-7,2-5,2-6,2-7,3-4,2*3-6,3-7,4-6,2*4-7,2*5-6,2*5-7
8	I	2	{1,0,8,20,88,348,996,2288,2812}	648	0-4,2*0-5,2*0-6,1-2,2*1-3,2*1-4,1-5,1-6,2-3,2-4,2*2-5,2*2-6,2*3-4,3-5,3-6,2*4-5,2*4-6,2*5-7,2*6-7
8	I	2	{1,0,8,22,78,386,922,2352,2792}	11664	0-3,0-4,2*0-5,0-6,1-3,1-4,2*1-5,1-6,2*2-3,2*2-4,2-5,2*2-6,2*3-4,3-5,2*3-6,4-5,2*4-6,2*5-6,2*5-7,2*6-7
8	I	2	{1,0,8,24,84,360,944,2352,2788}	5184	2*0-1,0-2,2*0-3,0-4,2*0-5,2*1-2,1-3,2*1-4,1-5,2-3,2-4,2*2-5,2-6,2*2-7,2*3-4,3-5,2*3-6,3-7,2*4-5,4-6,2*4-7,2*5-6,5-7
8	I	2	{1,0,8,26,94,318,990,2336,2788}	648	2*0-1,0-2,2*0-3,2*0-4,2*0-5,2*0-6,0-7,1-2,2*1-3,2*1-4,2*1-5,2*1-6,1-7,2-3,2-4,2-5,2-6,2*2-7,2*3-4,2*3-5,3-6,2*4-5,4-6,2*5-7,6-7
8	I	2	{1,0,8,28,84,356,916,2400,2768}	3888	2*0-1,0-2,2*0-4,2*0-5,0-6,0-7,1-2,2*1-4,2*1-5,1-6,1-7,2-4,2-5,2*2-6,2*2-7,2*3-6,2*3-7,2*4-5,2*5-6,2*5-7,6-7
8	I	2	{1,0,8,28,96,308,988,2352,2780}	5184	2*0-2,0-3,0-4,2*0-5,1-2,2*1-3,2*1-4,1-5,2*2-4,2-5,2-6,2*2-7,3-4,2*3-5,2*3-6,3-7,4-5,2*4-6,4-7,5-6,2*5-7,6-7
8	I	2	{1,0,8,36,96,300,932,2448,2740}	15552	2*0-6,0-7,1-6,2*1-7,2*2-3,2-6,2*2-7,2*3-6,3-7,2*4-5,4-6,2*4-7,2*5-6,5-7,2*6-7
8	I	2	{1,0,8,46,102,266,898,2544,2696}	11664	0-3,0-4,1-3,1-4,2*2-3,2*2-4,2*3-4,2*3-5,3-6,2*4-5,4-6,5-6,2*5-7,2*6-7
8	I	2	{1,0,8,4,96,332,1156,2064,2900}	1944	2*0-3,2*0-4,2*0-6,0-7,2*1-3,2*1-4,2*1-6,1-7,2-3,2-4,2-6,2*2-7,2*3-4,3-5,3-6,3-7,4-5,4-6,4-7,2*5-6
8	I	2	{1,0,8,64,120,176,880,2688,2624}	186624	2*0-1,2*0-2,0-3,0-6,0-7,1-2,2*1-3,2*1-6,2*1-7,2-3,2*2-4,2-5,3-4,2*3-5,2*4-5,2*4-6,2*4-7,5-6,5-7,2*6-7
8	I	2	{1,0,8,8,112,264,1224,2048,2896}	1296	0-4,2*0-5,0-6,1-2,2*1-3,1-4,2*1-5,1-6,2*2-3,2-4,2*2-5,2-6,2*3-4,3-5,2*3-6,4-6,4-7,2*5-6,2*5-7,2*6-7
8	I	2	{1,0,8,8,76,408,1008,2192,2860}	648	0-3,0-4,2*0-5,2*0-6,0-7,1-3,1-4,2*1-5,2*1-6,1-7,2*2-3,2*2-4,2-5,2-6,2*2-7,2*3-4,2*3-6,2*3-7,2*4-6,2*4-7,2*5-6,2*5-7
8	I	3	{1,0,0,10,42,270,1078,2640,2520}	216	0-1,0-2,0-3,2*0-4,2*0-6,2*1-2,1-3,2*1-4,2*1-6,2*3-4,2*3-5,4-5,4-6,2*4-7,2*5-6,5-7,2*6-7
8	I	3	{1,0,0,10,42,270,1078,2640,2520}	54	0-2,2*0-3,0-4,2*0-5,0-7,2*1-2,2*1-3,2*1-4,1-6,1-7,2-4,2-5,2-6,2*3-5,3-6,2*3-7,2*4-6,4-7,2*5-7
8	I	3	{1,0,0,10,42,270,1078,2640,2520}	8	2*0-1,2*0-2,2*0-5,2*0-6,0-7,2*1-3,2*1-5,1-6,2*1-7,2-3,2-4,2*2-5,2-7,2*3-4,2*3-5,2*3-7,2*4-6,2*4-7,6-7
8	I	3	{1,0,0,10,42,270,1078,2640,2520}	8	2*0-4,2*0-5,0-6,0-7,1-2,2*1-3,1-6,2*1-7,2-3,2-5,2-6,2-7,3-4,3-6,3-7,2*4-5,4-6,5-7
8	I	3	{1,0,0,10,46,254,1102,2624,2524}	2	0-1,2*0-2,2*0-3,2*0-4,0-5,0-6,0-7,1-2,1-5,2*1-6,2*1-7,2-6,2-7,2*3-4,2*3-5,2*3-6,2*3-7,2*4-5,4-7,6-7
8	I	3	{1,0,0,10,46,254,1102,2624,2524}	2	2*0-1,2*0-2,2*0-3,2*0-4,2*0-5,2*0-6,0-7,1-2,2*1-5,1-6,2*1-7,2-6,2*2-7,3-4,2*3-5,2*3-6,3-7,2*4-5,2*4-7,6-7
8	I	3	{1,0,0,10,46,254,1102,2624,2524}	4	0-1,2*0-3,0-5,0-7,1-3,1-4,1-5,1-6,2*1-7,2*2-3,2*2-4,2*2-5,2*3-5,2*3-6,2*4-5,4-7,5-6,2*5-7,2*6-7
8	I	3	{1,0,0,10,46,254,1102,2624,2524}	4	2*0-1,2*0-2,0-3,0-4,2*0-6,1-2,2*1-3,2*1-4,2*1-6,1-7,2-4,2*2-5,2*2-7,2*3-4,3-5,2*3-6,2*4-5,4-6,2*4-7,2*6-7
8	I	3	{1,0,0,10,54,222,1150,2592,2532}	108	0-1,0-2,2*0-4,2*0-5,0-6,2*1-2,1-4,2*1-5,1-7,2-5,2-6,2-7,3-5,3-6,3-7,4-5,4-6,4-7,2*5-6,2*5-7,2*6-7
8	I	3	{1,0,0,12,44,260,1076,2656,2512}	16	2*0-2,2*0-4,0-6,0-7,1-2,2*1-3,2*1-6,1-7,2*2-3,2*2-5,2-7,3-4,3-5,2*3-6,3-7,2*4-5,2*4-6,2*4-7
8	I	3	{1,0,0,12,44,260,1076,2656,2512}	24	2*0-1,2*0-2,2*0-3,0-5,0-7,2*1-2,1-3,1-4,1-6,2-4,2-5,2-6,2-7,3-4,2*3-5,3-6,2*3-7,4-5
8	I	3	{1,0,0,12,44,260,1076,2656,2512}	4	0-2,0-3,0-4,2*0-5,2*0-7,2*1-2,2*1-3,1-5,1-7,2*2-4,2*2-5,2*2-6,2*3-4,2*3-6,2*4-5,4-6,2*5-7,2*6-7
8	I	3	{1,0,0,12,44,260,1076,2656,2512}	48	0-2,0-3,0-4,0-5,0-6,0-7,1-2,2*1-3,2*1-4,1-5,2*1-6,1-7,2*2-4,2*2-6,2*3-5,2*3-7,2*4-7,2*5-6,6-7
8	I	3	{1,0,0,12,44,260,1076,2656,2512}	48	2*0-1,0-2,2*0-3,2*0-4,2*0-5,2*1-3,2*1-4,1-6,2*2-3,2*2-4,2-5,2*2-6,3-5,3-6,4-5,4-7,2*5-6,2*5-7,2*6-7
8	I	3	{1,0,0,12,44,260,1076,2656,2512}	72	0-2,0-3,2*0-6,2*0-7,1-4,1-5,2*1-6,2*1-7,2*2-3,2-4,2-5,2*3-4,2*3-5,2*3-6,2*3-7,2*4-7,2*5-6,2*6-7
8	I	3	{1,0,0,12,44,260,1076,2656,2512}	72	2*0-1,0-2,0-4,2*0-5,2*0-6,1-2,1-3,2*1-4,2*1-6,2-3,2-4,2-5,3-5,2*3-6,4-6,2*4-7,5-6,5-7,2*6-7
8	I	3	{1,0,0,12,48,244,1100,2640,2516}	24	0-1,2*0-2,2*0-3,2*0-4,2*0-5,2*1-2,1-4,1-5,2-3,2-6,2-7,3-4,3-5,2*3-6,2*3-7,2*4-5,4-6,5-7
8	I	3	{1,0,0,12,48,244,1100,2640,2516}	4	2*0-1,0-3,0-4,2*0-5,0-6,1-2,2*1-3,1-4,1-6,1-7,2*2-3,2*2-4,2-5,2-6,2*2-7,2*3-4,3-6,4-7,5-6,5-7,2*6-7
8	I	3	{1,0,0,12,48,244,1100,2640,2516}	8	0-1,2*0-2,2*0-3,0-4,0-5,0-6,0-7,2*1-2,2*1-3,1-4,1-5,2*1-6,2*1-7,2-3,2-4,2-5,2*2-6,3-4,3-5,3-6,4-5,2*4-7,5-7,6-7
8	I	3	{1,0,0,12,48,244,1100,2640,2516}	8	2*0-1,0-2,0-3,0-4,0-5,2*0-6,2*0-7,1-2,1-3,1-4,1-5,1-6,1-7,2*2-3,2-4,2-5,2-6,3-4,3-5,2*3-6,2*4-5,2*4-7,5-7,2*6-7
8	I	3	{1,0,0,14,46,250,1074,2672,2504}	12	0-4,2*0-5,0-6,2*0-7,1-2,2*1-3,1-5,1-6,2*2-3,2-4,2*2-6,2*2-7,3-4,3-5,2*3-7,4-5,2*4-6
8	I	3	{1,0,0,14,46,250,1074,2672,2504}	24	0-1,2*0-2,1-2,1-3,2*1-4,2*1-5,2-3,2*2-4,2*2-5,3-4,2*3-5,3-7,4-5,4-6,2*5-6,5-7
8	I	3	{1,0,0,14,50,234,1098,2656,2508}	4	0-4,0-5,1-2,2*1-5,2*1-6,1-7,2*2-4,2-6,2*2-7,2*3-4,2*3-5,3-6,3-7,4-5,2*4-6,4-7,5-6,2*5-7
8	I	3	{1,0,0,16,48,240,1072,2688,2496}	12	0-1,0-2,2*0-3,0-4,2*0-6,1-2,2*1-4,2*1-5,2*1-6,2-3,2-5,2*2-6,2*3-5,3-7,4-5,4-6,4-7,5-6,2*5-7,2*6-7
8	I	3	{1,0,0,16,48,240,1072,2688,2496}	12	2*0-1,0-3,0-5,0-6,1-2,1-4,1-6,2*2-3,2-6,2-7,3-6,2*3-7,4-6,4-7,5-6,2*5-7
8	I	3	{1,0,0,16,48,240,1072,2688,2496}	216	0-1,2*0-3,2*0-4,0-5,2*0-7,1-3,1-4,1-5,2*1-6,2-3,2*2-4,2*5-6,2*5-7,2*6-7
8	I	3	{1,0,0,16,48,240,1072,2688,2496}	32	0-1,0-2,0-3,0-4,2*0-6,2*0-7,2*1-2,1-3,1-5,2*1-6,2-4,2*2-5,2*2-7,2*3-5,3-6,2*3-7,4-5,2*4-6,4-7,2*5-6,5-7,6-7
8	I	3	{1,0,0,16,48,240,1072,2688,2496}	3456	0-1,0-2,0-3,0-5,0-7,1-2,1-3,2*1-5,1-7,2-3,2*2-4,2*2-6,3-4,2*3-6,6-7
8	I	3	{1,0,0,16,48,240,1072,2688,2496}	36	2*0-1,0-3,2*0-4,0-6,2*0-7,2*1-2,2*1-3,1-5,2*1-6,2*2-3,2*2-4,2*2-5,2*2-6,2*2-7,2*3-5,2*3-6,3-7,2*4-5,4-6,2*4-7,6-7
8	I	3	{1,0,0,16,48,240,1072,2688,2496}	432	0-1,0-2,0-3,2*0-4,2*0-5,2*1-3,2*1-7,2-3,2-4,2-5,2*2-7,2*3-4,2*3-5,2*3-7,2*4-5,2*4-6,5-6
8	I	3	{1,0,0,16,48,240,1072,2688,2496}	864	2*0-2,0-3,0-4,2*0-5,0-7,1-4,1-5,1-6,2-3,2*2-4,2-6,2-7,2*3-5,3-6,2*3-7,2*4-5,4-6,2*4-7,2*5-6,6-7
8	I	3	{1,0,0,16,48,240,1072,2688,2496}	96	2*0-2,0-3,2*0-4,2*0-5,0-6,2*1-2,2*1-3,1-4,1-5,2*1-6,2*3-4,2*3-5,3-7,2*4-6,2*4-7,2*5-6,5-7,2*6-7
8	I	3	{1,0,0,16,52,224,1096,2672,2500}	32	0-1,0-2,0-4,2*0-5,2*0-6,0-7,1-2,2*1-3,2*1-4,1-5,1-7,2*2-3,2*2-5,2*2-6,2*3-4,2*3-5,3-6,3-7,4-5,2*4-6,4-7,6-7
8	I	3	{1,0,0,16,52,224,1096,2672,2500}	64	0-2,0-3,2*0-4,0-5,2*0-6,0-7,1-2,1-3,1-4,2*1-5,1-6,2*1-7,2*2-4,2-5,2*2-6,2-7,3-4,2*3-5,3-6,2*3-7,2*4-6,2*4-7,2*5-6,2*5-7
8	I	3	{1,0,0,16,60,192,1144,2640,2508}	192	2*0-1,0-2,0-5,2*0-6,2*0-7,1-3,1-5,2*1-6,2*1-7,2*2-3,2-5,2*2-6,2*2-7,3-5,2*3-6,2*3-7,4-5,2*4-6,4-7,5-7,6-7
8	I	3	{1,0,0,16,60,192,1144,2640,2508}	864	0-1,2*0-4,0-6,2*0-7,1-2,1-3,1-4,1-5,1-6,1-7,2*2-3,2*2-5,2-6,3-4,3-5,2*3-7,2*4-5,4-7,2*5-6,5-7,2*6-7
8	I	3	{1,0,0,20,52,220,1068,2720,2480}	144	2*0-4,0-5,2*0-6,0-7,1-2,2*1-3,1-4,1-5,1-6,1-7,2-3,2-5,2-7,2*3-4,2*3-6,4-5,2*4-7,6-7
8	I	3	{1,0,0,22,54,210,1066,2736,2472}	216	2*0-1,2*0-2,0-4,0-5,0-7,2*1-2,2*1-3,1-4,2*1-6,2-3,2-5,2-6,2-7,2*3-4,3-5,2*3-6,3-7,4-5,2*5-7,2*6-7
8	I	3	{1,0,0,22,54,210,1066,2736,2472}	432	2*0-1,0-2,0-3,0-4,0-5,0-6,2*1-2,1-3,1-4,1-5,1-6,2*3-5,3-6,3-7,4-5,2*4-6,4-7,5-7,6-7
8	I	3	{1,0,0,2,34,310,1086,2576,2552}	4	0-1,2*0-2,0-3,0-5,0-7,2*1-2,1-3,1-4,1-6,2-3,2*2-4,2*2-5,2*3-6,2*3-7,2*4-5,2*4-7,2*5-6,6-7
8	I	3	{1,0,0,2,34,310,1086,2576,2552}	4	0-2,0-3,0-6,2*0-7,1-4,2*1-5,2*1-6,2*1-7,2-3,2*2-4,2*2-5,2*2-6,2*2-7,2*3-4,2*3-5,3-6,3-7,4-5,2*4-6,5-7
8	I	3	{1,0,0,2,34,310,1086,2576,2552}	4	0-2,0-3,2*0-4,0-6,1-2,2*1-3,2*1-5,1-7,2-4,2-5,2-6,2-7,2*3-4,3-5,4-5,2*4-7,2*5-6,2*6-7
8	I	3	{1,0,0,2,34,310,1086,2576,2552}	4	2*0-1,0-2,0-5,0-7,2*1-2,2*1-6,1-7,2*2-3,2-4,3-4,2*3-5,3-7,4-6,4-7,5-6,5-7,2*6-7
8	I	3	{1,0,0,2,34,310,1086,2576,2552}	4	2*0-1,2*0-2,0-3,2*0-4,2*0-7,2*1-2,2*1-3,2*1-5,2*1-6,2-4,2-5,2*2-6,2*2-7,2*3-4,3-5,4-5,2*4-7,2*5-6,6-7
8	I	3	{1,0,0,2,34,310,1086,2576,2552}	4	2*0-2,2*0-3,2*0-6,0-7,1-4,2*1-5,2*1-6,2*1-7,2*2-3,2-4,2-5,2-6,2-7,3-4,3-5,2*3-6,2*3-7,2*4-5,4-6,2*5-7
8	I	3	{1,0,0,2,38,294,1110,2560,2556}	2	0-1,0-2,2*0-5,0-7,1-2,2*1-3,2*1-4,1-5,2*1-7,2-3,2-5,2-6,2-7,3-4,2*3-7,2*4-5,4-6,4-7,5-6,2*5-7,6-7
8	I	3	{1,0,0,2,38,294,1110,2560,2556}	2	0-1,0-3,0-5,0-6,2*0-7,2*1-2,1-3,1-4,2*1-6,2-3,2*2-4,2-6,2*2-7,3-5,4-5,2*4-6,5-7,6-7
8	I	3	{1,0,0,2,38,294,1110,2560,2556}	2	0-1,0-3,2*0-4,2*0-6,2*0-7,2*1-3,2*1-4,2*1-5,1-6,1-7,2*2-3,2-4,2*2-5,2*2-7,2*3-7,4-6,5-6,5-7,6-7
8	I	3	{1,0,0,2,38,294,1110,2560,2556}	2	0-1,2*0-2,0-3,0-4,2*0-5,0-6,2*0-7,2*1-2,2*1-4,1-5,2*1-6,2-3,2-6,3-4,2*3-6,3-7,2*4-5,2*4-6,2*5-6,5-7,2*6-7
8	I	3	{1,0,0,2,38,294,1110,2560,2556}	2	0-1,2*0-2,0-3,2*0-4,0-5,0-6,2*0-7,1-2,2*1-4,1-5,1-6,2*2-3,2*2-6,3-4,3-6,2*3-7,4-5,2*4-6,2*5-6,5-7,6-7
8	I	3	{1,0,0,2,38,294,1110,2560,2556}	2	0-1,2*0-3,2*0-4,2*0-6,0-7,2*1-3,1-4,1-5,2*1-6,1-7,2*2-3,2*2-4,2-5,2*2-7,3-7,2*4-6,2*5-6,5-7,6-7
8	I	3	{1,0,0,2,38,294,1110,2560,2556}	2	0-2,0-3,0-4,0-5,2*0-6,1-2,1-4,2*1-5,2*1-6,2*1-7,2*2-3,2-5,2-7,2*3-4,2*3-5,2*3-6,2*3-7,2*4-5,2*4-6,6-7
8	I	3	{1,0,0,2,38,294,1110,2560,2556}	2	2*0-1,0-2,2*0-3,0-4,0-5,2*0-6,2*0-7,2*1-2,1-3,2*1-4,2*1-6,1-7,2-4,2*2-5,2-7,3-4,3-5,2*3-6,3-7,4-5,4-6,4-7,2*5-6,2*5-7
8	I	3	{1,0,0,2,38,294,1110,2560,2556}	2	2*0-1,0-3,0-5,2*0-6,0-7,2*1-2,1-3,1-4,1-6,2*2-3,2-4,2-6,2*2-7,2*3-5,2*4-5,2*4-6,5-7,2*6-7
8	I	3	{1,0,0,2,38,294,1110,2560,2556}	2	2*0-1,2*0-2,2*0-3,0-4,0-5,0-6,0-7,2*1-2,2*1-3,1-4,2*1-6,1-7,2-4,2*2-5,2*2-7,2*3-4,2*3-5,2*3-6,3-7,2*4-5,4-6,4-7,2*5-6,2*5-7
8	I	3	{1,0,0,2,38,294,1110,2560,2556}	2	2*0-2,2*0-3,0-4,0-5,2*0-6,1-2,2*1-4,1-5,1-6,2*1-7,2-3,2-5,2*2-7,2*3-4,2*3-5,2*3-6,3-7,4-5,4-6,6-7
8	I	3	{1,0,0,2,38,294,1110,2560,2556}	4	0-1,0-2,0-3,1-2,1-3,1-4,1-5,2*2-4,2*2-5,2*2-6,2*2-7,3-6,3-7,4-5,2*4-6,2*5-7,2*6-7
8	I	3	{1,0,0,2,38,294,1110,2560,2556}	4	0-1,2*0-2,0-3,1-2,2*1-3,2*1-4,1-5,2*2-4,2-5,2*2-6,2*2-7,2*3-6,2*3-7,4-5,4-6,2*5-7,6-7
8	I	3	{1,0,0,2,38,294,1110,2560,2556}	8	0-1,2*0-2,0-3,2*0-4,0-5,0-7,1-2,1-3,1-4,1-5,2*1-6,1-7,2-3,2-4,2*2-5,2-6,2*2-7,2*3-4,2*3-5,2*3-6,2*3-7,4-5,4-6,4-7,5-6
8	I	3	{1,0,0,24,56,200,1064,2752,2464}	288	2*0-1,2*0-2,2*0-3,0-4,0-5,1-2,1-6,1-7,2*2-3,2-4,2-5,2-6,2-7,2*3-4,2*3-5,3-6,3-7,4-5,4-6,2*4-7,2*5-6,5-7
8	I	3	{1,0,0,2,46,262,1158,2528,2564}	2	0-1,0-2,0-4,0-5,0-6,2*0-7,2*1-2,2*1-3,1-4,1-6,1-7,2-4,2*2-5,2-7,2*3-4,3-5,2*3-6,4-5,2*5-6,6-7
8	I	3	{1,0,0,2,46,262,1158,2528,2564}	2	0-1,2*0-2,0-4,0-5,0-6,0-7,2*1-2,2*1-3,2*1-4,2*1-6,1-7,2-4,2*2-5,2*2-7,2*3-4,3-5,2*3-6,2*4-5,5-6,6-7
8	I	3	{1,0,0,2,46,262,1158,2528,2564}	2	0-2,2*0-3,0-4,0-6,0-7,1-4,2*1-5,2*1-6,2*1-7,2-3,2-4,2-5,2*2-7,2*3-4,2*3-5,3-6,2*4-5,4-6,2*4-7,2*5-7,6-7
8	I	3	{1,0,0,2,46,262,1158,2528,2564}	2	2*0-3,2*0-4,2*0-5,2*0-6,2*0-7,1-2,2*1-5,2*1-6,2*1-7,2*2-3,2*2-4,2*2-5,2-7,2*3-4,2*3-6,3-7,4-6,2*5-6,6-7
8	I	3	{1,0,0,2,46,262,1158,2528,2564}	4	2*0-2,0-4,2*0-5,2*0-7,1-2,1-3,1-6,2*1-7,2-3,2-6,2*2-7,2*3-4,3-6,3-7,2*4-5,4-7,5-6,2*5-7,6-7
8	I	3	{1,0,0,2,46,262,1158,2528,2564}	8	2*0-1,0-2,2*0-3,0-4,2*0-5,2*1-4,1-5,2*1-6,2*1-7,2*2-3,2*2-5,2-6,2-7,3-4,2*3-5,2*3-6,4-5,4-6,5-6,5-7
8	I	3	{1,0,0,2,50,246,1182,2512,2568}	4	0-1,0-2,0-3,0-5,1-3,2*1-6,2*1-7,2*2-4,2*2-6,2-7,2*3-4,2*3-5,3-6,4-5,4-6,2*6-7
8	I	3	{1,0,0,2,50,246,1182,2512,2568}	4	0-1,0-2,0-3,2*0-4,2*0-5,0-6,0-7,1-2,1-3,1-4,1-5,1-6,1-7,2*2-3,2*2-4,2*2-6,2*3-5,2*3-7,4-5,4-6,2*4-7,2*5-6,5-7
8	I	3	{1,0,0,2,50,246,1182,2512,2568}	4	0-1,0-2,0-3,2*0-4,2*0-5,0-6,0-7,2*1-2,2*1-3,2*1-4,2*1-5,2*1-6,2*1-7,2-3,2-5,2-7,3-4,3-6,2*4-5,2*4-6,4-7,5-6,2*5-7
8	I	3	{1,0,0,2,50,246,1182,2512,2568}	4	0-2,0-4,0-6,0-7,2*1-2,1-3,1-5,2*1-7,2-5,2*2-6,2*2-7,3-4,3-6,2*3-7,4-5,4-7,2*5-6
8	I	3	{1,0,0,2,50,246,1182,2512,2568}	4	2*0-2,0-3,2*0-6,2*0-7,1-2,1-4,2*1-5,1-7,2*2-5,2-6,2-7,2*3-4,3-5,3-7,4-6,2*4-7,5-6
8	I	3	{1,0,0,2,50,246,1182,2512,2568}	4	2*0-3,2*0-4,0-5,0-6,2*0-7,2*1-2,1-4,1-5,2*1-6,1-7,2-3,2*2-5,2-6,2-7,2*3-4,3-6,4-5,2*5-7,2*6-7
8	I	3	{1,0,0,2,62,198,1254,2464,2580}	8	0-1,0-2,0-3,1-2,2*1-3,1-4,2*1-5,1-7,2-3,2*2-4,2*2-5,2-6,2*2-7,2*3-5,2*3-6,4-5,4-7,5-6,2*5-7,2*6-7
8	I	3	{1,0,0,2,62,198,1254,2464,2580}	8	0-1,0-2,0-3,2*1-2,1-3,1-4,2*1-5,1-7,2*2-3,2-4,2-5,2*2-6,2*2-7,3-4,3-6,2*4-5,2*4-6,2*4-7,5-7,2*6-7
8	I	3	{1,0,0,26,58,190,1062,2768,2456}	144	0-1,0-2,0-3,0-4,2*0-5,0-6,2*1-2,1-4,1-5,2*1-6,2-3,2-5,2*2-6,2*3-4,3-5,2*3-6,4-5,2*4-6,2*5-6,2*5-7,2*6-7
8	I	3	{1,0,0,28,60,180,1060,2784,2448}	1296	0-2,0-3,2*0-4,2*0-6,1-2,2*1-3,1-4,1-6,3-5,3-7,4-5,2*4-7
8	I	3	{1,0,0,4,36,300,1084,2592,2544}	12	0-1,2*0-2,0-6,2*0-7,1-2,2*1-3,1-4,1-5,2*1-6,1-7,2*2-3,2-4,2-5,2-6,2*2-7,3-4,3-5,3-6,3-7,4-5,4-7,5-6,2*6-7
8	I	3	{1,0,0,4,36,300,1084,2592,2544}	12	0-2,2*0-3,2*0-6,0-7,2*1-2,2*1-4,2*1-5,1-6,2-3,2-4,2*2-6,2*2-7,3-5,3-7,4-6,2*4-7,2*5-6,5-7,2*6-7
8	I	3	{1,0,0,4,36,300,1084,2592,2544}	12	2*0-4,0-5,2*0-6,0-7,1-3,1-5,1-6,2*1-7,2-3,2-4,2*2-6,2-7,3-4,3-5,2*3-6,2*3-7,4-5,2*4-7,2*5-6,2*6-7
8	I	3	{1,0,0,4,36,300,1084,2592,2544}	16	0-2,2*0-3,0-4,2*0-5,2*0-6,0-7,1-2,2*1-3,2*1-4,1-5,1-6,2*1-7,2*2-3,2-4,2*2-5,2*3-6,3-7,2*4-5,4-6,5-7,2*6-7
8	I	3	{1,0,0,4,36,300,1084,2592,2544}	16	2*0-1,0-2,0-4,0-5,2*0-6,2*0-7,1-3,2*1-4,2*1-5,2*1-6,2*1-7,2*2-3,2*2-6,2*2-7,3-4,3-5,4-6,5-7
8	I	3	{1,0,0,4,36,300,1084,2592,2544}	2	0-1,2*0-2,2*0-3,2*0-4,0-7,2*1-2,1-3,2*1-5,1-6,2*2-3,2*2-4,2*2-5,2*2-6,2-7,3-4,2*3-5,3-6,3-7,2*4-5,2*4-7,5-6,6-7
8	I	3	{1,0,0,4,36,300,1084,2592,2544}	216	0-1,0-2,2*0-3,0-4,2*0-6,2*0-7,2*1-2,1-3,1-4,1-5,2*1-6,1-7,2-4,2*2-5,2*2-6,2*3-4,2*3-5,2*3-6,3-7,4-5,4-6,4-7,5-7,2*6-7
8	I	3	{1,0,0,4,36,300,1084,2592,2544}	24	2*0-1,2*0-2,0-3,0-4,0-5,0-6,2*0-7,2*1-2,2*1-3,1-4,1-5,2*1-6,1-7,2*2-4,2*2-5,2-6,2-7,3-4,2*3-5,2*3-6,3-7,4-5,4-7,5-6,6-7
8	I	3	{1,0,0,4,36,300,1084,2592,2544}	4	0-1,0-4,0-5,2*0-6,2*0-7,1-2,1-4,1-5,1-7,2*2-3,2-4,2*2-6,2-7,3-4,3-5,3-6,4-5,4-6,2*4-7,2*6-7
8	I	3	{1,0,0,4,36,300,1084,2592,2544}	4	0-1,2*0-2,2*0-3,2*0-4,2*0-5,0-6,2*0-7,1-2,2*1-3,2*1-4,2*1-5,2*1-6,1-7,2*2-4,2-5,2*2-6,2-7,2*3-4,2*3-5,2*4-6,2*5-7,6-7
8	I	3	{1,0,0,4,36,300,1084,2592,2544}	48	0-1,2*0-2,0-3,2*0-6,1-3,1-6,1-7,2-3,2*2-4,2-5,2*2-6,2*3-4,2*3-5,2*3-7,2*4-7,2*5-6,2*6-7
8	I	3	{1,0,0,4,36,300,1084,2592,2544}	8	0-1,2*0-2,0-3,2*0-4,0-6,1-2,2*1-3,2*1-5,1-7,2-4,2*2-5,2-7,2*3-4,3-5,3-6,2*4-5,4-6,5-7,6-7
8	I	3	{1,0,0,4,36,300,1084,2592,2544}	8	0-1,2*0-2,2*0-3,2*0-4,2*0-7,2*1-2,2*1-3,2*1-5,2*1-6,2*2-4,2*2-5,2*2-7,2*3-4,2*3-5,2*3-6,2*4-5,4-7,5-6,6-7
8	I	3	{1,0,0,4,36,300,1084,2592,2544}	8	0-1,2*0-2,2*0-4,2*0-7,2*1-3,2*1-5,2*1-6,2*2-3,2-5,2*2-7,3-4,2*3-6,2*4-5,4-7,5-6,6-7
8	I	3	{1,0,0,4,40,284,1108,2576,2548}	2	0-1,2*0-2,0-4,0-5,2*0-6,0-7,2*1-2,2*1-4,1-7,2-3,2*2-4,2*2-5,2*2-6,2-7,3-4,2*3-5,2*3-6,2*3-7,4-6,2*5-6,5-7
8	I	3	{1,0,0,4,40,284,1108,2576,2548}	2	0-1,2*0-3,0-4,0-5,2*0-6,2*1-2,1-4,2*1-5,1-7,2*2-4,2-6,2*2-7,3-5,2*3-6,2*3-7,2*4-5,4-6,2*5-7
8	I	3	{1,0,0,4,40,284,1108,2576,2548}	2	0-2,2*0-3,2*0-4,2*0-5,0-6,2*0-7,2*1-2,1-3,2*1-5,1-6,1-7,2*2-3,2-5,2-6,3-5,3-7,2*4-5,2*4-6,2*4-7,2*5-6,2*5-7,6-7
8	I	3	{1,0,0,4,40,284,1108,2576,2548}	2	2*0-1,0-2,0-3,2*0-4,2*1-2,1-3,2*1-5,2-4,2-6,2-7,2*3-5,3-6,2*3-7,2*4-5,2*4-7,2*5-6,6-7
8	I	3	{1,0,0,4,40,284,1108,2576,2548}	4	0-1,0-2,0-3,2*0-5,2*0-7,1-2,1-3,2*1-4,2*1-6,2-4,2*2-6,2-7,3-5,3-6,2*3-7,2*4-5,4-6,5-7,2*6-7
8	I	3	{1,0,0,4,40,284,1108,2576,2548}	4	0-1,0-2,2*0-3,0-5,2*0-7,2*1-2,1-3,1-4,2*1-6,2*2-3,2*2-4,2-7,2*3-5,3-6,2*4-5,2*4-7,2*5-6,2*6-7
8	I	3	{1,0,0,4,40,284,1108,2576,2548}	4	0-1,0-4,2*0-6,2*0-7,2*1-2,2*1-3,2*1-6,1-7,2-3,2*2-4,2*2-5,2*2-6,2*2-7,3-4,2*3-7,4-5,2*4-7,5-6,2*5-7,6-7
8	I	3	{1,0,0,4,40,284,1108,2576,2548}	4	0-1,2*0-2,2*0-4,2*0-6,2*0-7,2*1-3,1-4,2*1-5,1-7,2*2-5,2*2-6,2-7,2*3-5,2*3-6,2*3-7,2*4-5,4-6,5-7,2*6-7
8	I	3	{1,0,0,4,40,284,1108,2576,2548}	4	0-1,2*0-3,2*0-4,2*0-5,0-6,2*0-7,1-5,1-6,1-7,2*2-3,2*2-4,2-5,2-6,2-7,3-4,2*3-6,3-7,2*4-5,4-6,4-7,2*5-6,5-7,6-7
8	I	3	{1,0,0,4,40,284,1108,2576,2548}	4	0-2,2*0-3,2*0-6,2*0-7,1-2,1-3,1-4,2*1-5,1-6,2*2-4,2-6,2*3-4,3-7,4-5,4-6,2*4-7,5-6,5-7,2*6-7
8	I	3	{1,0,0,4,40,284,1108,2576,2548}	4	0-3,0-5,0-6,0-7,2*1-2,2*1-4,2*1-6,2*1-7,2-5,2*2-6,2-7,3-4,3-6,2*3-7,2*4-5,2*4-7,2*5-6
8	I	3	{1,0,0,4,40,284,1108,2576,2548}	4	2*0-1,0-2,0-3,0-4,0-5,0-6,0-7,2*1-2,1-3,1-4,1-5,2*1-6,2*1-7,2*2-3,2*2-6,2*2-7,3-4,3-5,2*4-5,4-7,5-6,6-7
8	I	3	{1,0,0,4,40,284,1108,2576,2548}	4	2*0-1,0-2,0-3,2*0-4,2*0-6,1-2,1-3,2*1-5,2*1-7,2*2-4,2-6,2*2-7,2*3-5,2*3-6,3-7,4-5,2*4-6,2*5-7,6-7
8	I	3	{1,0,0,4,40,284,1108,2576,2548}	4	2*0-1,0-2,0-3,2*0-6,1-2,2*1-3,2*1-5,1-7,2-4,2*2-6,2*2-7,2*3-4,3-5,3-7,2*4-5,2*4-6,2*4-7,5-6,2*6-7
8	I	3	{1,0,0,4,40,284,1108,2576,2548}	4	2*0-1,0-2,0-5,0-7,1-3,1-4,1-6,2-3,2*2-5,2-7,2*3-4,3-6,4-5,4-7,5-6,6-7
8	I	3	{1,0,0,4,40,284,1108,2576,2548}	4	2*0-1,0-3,0-4,0-5,0-6,2*0-7,2*1-5,1-6,1-7,2*2-3,2*2-4,2-5,2*2-6,2*2-7,2*3-4,2*3-6,3-7,4-5,4-6,4-7,2*5-6,5-7,2*6-7
8	I	3	{1,0,0,4,40,284,1108,2576,2548}	4	2*0-1,0-3,0-4,0-6,0-7,1-2,2*1-4,1-5,2*1-7,2-5,2-6,2-7,3-5,3-6,2*3-7,4-5,2*4-6,2*5-7,6-7
8	I	3	{1,0,0,4,40,284,1108,2576,2548}	4	2*0-1,0-4,0-5,0-6,0-7,1-2,1-3,1-5,1-6,2*2-3,2-4,2*2-5,2-6,3-4,3-5,2*3-6,3-7,4-5,4-7,2*6-7
8	I	3	{1,0,0,4,40,284,1108,2576,2548}	4	2*0-1,2*0-2,0-3,0-4,0-7,1-2,2*1-3,1-5,1-6,2-3,2-4,2-6,3-5,3-7,4-5,2*4-6,2*5-7,6-7
8	I	3	{1,0,0,4,40,284,1108,2576,2548}	4	2*0-2,0-3,2*0-6,0-7,2*1-3,2*1-4,2*1-5,2*1-7,2*2-4,2-5,2*2-6,2*2-7,3-4,3-6,2*3-7,2*5-6,2*5-7,2*6-7
8	I	3	{1,0,0,4,40,284,1108,2576,2548}	8	0-1,2*0-2,0-4,0-5,2*0-6,2*0-7,2*1-3,1-4,1-5,2*1-6,2*1-7,2*2-3,2*2-5,2-7,2*3-4,3-6,4-5,4-7,5-6
8	I	3	{1,0,0,4,40,284,1108,2576,2548}	8	0-1,2*0-2,2*0-3,0-4,2*0-6,1-3,1-4,2*1-6,2-3,2-4,2-6,2-7,3-6,2*3-7,4-5,4-6,4-7,5-6,2*5-7,2*6-7
8	I	3	{1,0,0,4,40,284,1108,2576,2548}	8	0-2,0-4,0-5,2*0-6,1-2,1-3,1-4,1-6,2*2-4,2-5,2-6,2*2-7,3-4,2*3-6,2*3-7,2*4-6,4-7,5-6,5-7,6-7
8	I	3	{1,0,0,4,40,284,1108,2576,2548}	8	0-2,2*0-3,2*0-4,0-5,0-6,0-7,1-2,1-3,2*1-4,2*1-5,1-6,2-4,2-5,2-6,3-4,2*3-5,3-6,2*3-7,2*4-5,2*4-7,6-7
8	I	3	{1,0,0,4,40,284,1108,2576,2548}	8	0-3,0-4,2*0-6,2*0-7,1-2,1-5,2*1-6,2*1-7,2*2-3,2-4,2-5,2-6,3-4,3-5,3-7,2*4-5,4-6,5-7,6-7
8	I	3	{1,0,0,4,40,284,1108,2576,2548}	8	2*0-2,2*0-3,2*0-4,0-6,2*1-3,2*1-4,2*1-5,2*1-6,2*2-4,2*2-6,2-7,3-4,2*3-5,3-6,3-7,2*4-6,2*4-7,5-6,2*5-7,6-7
8	I	3	{1,0,0,4,48,252,1156,2544,2556}	12	0-1,0-3,2*0-4,0-6,1-3,1-4,1-5,1-7,2-3,2*2-5,2*2-6,2*2-7,3-5,2*3-6,4-6,4-7,2*5-7,6-7
8	I	3	{1,0,0,4,48,252,1156,2544,2556}	12	2*0-1,0-3,0-4,0-5,2*0-6,2*0-7,2*1-2,2*1-3,2*1-4,2*1-5,2*1-6,2*1-7,2-3,2-6,2-7,3-4,3-5,2*4-5,4-6,5-7,2*6-7
8	I	3	{1,0,0,4,48,252,1156,2544,2556}	12	2*0-1,2*0-2,2*0-3,0-4,2*0-6,2*0-7,1-3,1-4,1-5,1-7,2-4,2*2-5,2-6,2*3-4,2*3-5,2*3-6,2*3-7,4-6,5-7,6-7
8	I	3	{1,0,0,4,48,252,1156,2544,2556}	2	0-2,2*0-3,2*0-6,0-7,2*1-3,1-4,1-6,2*1-7,2*2-4,2*2-5,2*2-6,2-7,3-4,2*3-5,2*4-5,4-6,2*5-7,6-7
8	I	3	{1,0,0,4,48,252,1156,2544,2556}	216	2*0-1,2*0-2,2*0-3,2*0-4,2*0-5,0-7,2*1-2,2*1-3,2*1-4,2*1-5,2*1-6,2*1-7,2*2-3,2*2-4,2*2-5,2-6,3-4,3-5,2*3-6,3-7,4-5,4-6,2*4-7
8	I	3	{1,0,0,4,48,252,1156,2544,2556}	216	2*0-2,2*0-3,0-5,2*0-6,0-7,1-2,1-3,2*1-4,2*1-6,1-7,2-4,2*2-5,2*2-6,2-7,3-5,3-6,3-7,2*4-5,4-6,4-7,5-6,5-7,2*6-7
8	I	3	{1,0,0,4,48,252,1156,2544,2556}	24	0-1,0-2,2*0-3,0-6,2*0-7,2*1-4,1-5,2*1-6,1-7,2*2-3,2*2-4,2-6,2*3-5,3-7,2*4-5,2*4-7,2*5-6
8	I	3	{1,0,0,4,48,252,1156,2544,2556}	24	2*0-1,2*0-2,0-3,2*0-6,0-7,1-4,2*1-5,1-6,2*1-7,2-3,2*2-5,2*2-6,2*3-4,2*3-7,4-5,2*4-6,2*5-7
8	I	3	{1,0,0,4,48,252,1156,2544,2556}	24	2*0-2,2*0-3,0-6,0-7,2*1-4,2*1-5,1-6,1-7,2*2-3,2-5,2-6,3-4,3-7,2*4-5,4-6,5-7
8	I	3	{1,0,0,4,48,252,1156,2544,2556}	4	0-3,2*0-5,0-6,2*0-7,1-2,2*1-5,2*1-6,1-7,2*2-3,2-4,2*2-5,2*2-7,3-4,2*3-5,2*3-6,2*4-6,2*4-7,2*5-6,2*5-7,6-7
8	I	3	{1,0,0,4,48,252,1156,2544,2556}	4	2*0-3,2*0-5,0-6,0-7,2*1-2,1-5,1-6,1-7,2*2-3,2-4,2-5,2*2-7,2*3-4,2*3-5,2*3-6,2*4-6,4-7,5-6,2*5-7,6-7
8	I	3	{1,0,0,4,48,252,1156,2544,2556}	8	0-1,0-3,0-4,0-6,2*1-2,1-4,1-6,2-3,2-4,2-5,2*3-4,3-5,3-6,2*4-5,2*4-6,4-7,2*5-7,6-7
8	I	3	{1,0,0,4,48,252,1156,2544,2556}	8	0-1,2*0-3,2*0-4,2*0-5,2*1-2,1-4,1-5,2*2-3,2*2-4,2*2-6,3-4,2*3-5,2*3-6,4-5,4-6,2*4-7,2*5-7,6-7
8	I	3	{1,0,0,4,48,252,1156,2544,2556}	8	0-2,0-3,2*0-4,0-5,1-2,2*1-3,1-4,1-5,1-6,2*2-3,2*2-4,2-6,3-5,2*3-6,2*4-5,2*4-6,2*4-7,2*5-7,6-7
8	I	3	{1,0,0,4,52,236,1180,2528,2560}	16	0-1,2*0-4,2*0-5,0-6,0-7,2*1-6,2*1-7,2-4,2*2-5,2*2-6,2-7,2*3-4,3-5,2*3-6,3-7,2*4-5,4-6,4-7,5-6,5-7
8	I	3	{1,0,0,4,52,236,1180,2528,2560}	4	2*0-1,0-2,2*0-4,0-7,1-3,1-5,2*1-6,2*2-4,2*2-6,2*2-7,3-5,3-6,3-7,2*4-5,2*4-6,4-7,5-6,2*5-7
8	I	3	{1,0,0,4,52,236,1180,2528,2560}	8	0-1,0-2,0-3,2*0-4,2*0-5,1-3,1-4,1-5,2*2-3,2-4,2-6,2-7,3-4,2*3-5,2*3-6,2*3-7,4-7,2*5-6,5-7,2*6-7
8	I	3	{1,0,0,4,52,236,1180,2528,2560}	8	0-1,2*0-2,0-4,2*0-6,1-2,2*1-3,1-4,2*1-6,2*2-3,2-4,2-5,2-6,2-7,2*3-4,3-5,3-7,4-7,5-6,5-7,2*6-7
8	I	3	{1,0,0,4,52,236,1180,2528,2560}	8	0-1,2*0-2,2*0-3,2*0-4,2*0-5,2*0-7,2*1-2,2*1-3,1-4,1-5,2*1-6,2*2-3,2*2-4,2-5,2-6,2-7,3-4,2*3-5,3-6,3-7,4-5,4-6,2*4-7,5-6,2*5-7
8	I	3	{1,0,0,4,52,236,1180,2528,2560}	8	0-1,2*0-2,2*0-3,2*0-4,2*0-5,2*1-4,2*1-5,1-6,1-7,2-3,2*2-4,2*2-5,2*2-6,2*2-7,3-6,3-7,4-5,2*4-6,2*5-7,6-7
8	I	3	{1,0,0,4,72,156,1300,2448,2580}	216	2*0-2,2*0-4,0-5,0-7,1-2,1-3,2*1-5,1-7,2*2-3,2-4,2-7,2*3-4,3-6,4-5,4-6,5-6
8	I	3	{1,0,0,6,38,290,1082,2608,2536}	12	0-1,0-2,2*0-3,2*0-4,2*0-5,2*0-6,1-2,2*1-3,2*1-6,2*1-7,2*2-4,2*2-5,2-7,2*3-4,2*3-5,2*3-6,2*3-7,2*4-5,2*4-6,4-7,2*5-7,6-7
8	I	3	{1,0,0,6,38,290,1082,2608,2536}	12	2*0-1,0-2,2*0-3,0-4,0-5,0-6,0-7,2*1-3,1-6,1-7,2*2-3,2*2-4,2*2-5,2-6,2-7,2*4-5,2*4-7,2*5-6
8	I	3	{1,0,0,6,38,290,1082,2608,2536}	24	2*0-1,0-2,0-3,0-4,2*0-5,2*0-7,2*1-2,2*1-3,1-4,1-7,2-4,2-5,2*3-4,2*3-5,3-6,3-7,4-5,4-6,2*4-7,2*5-6,6-7
8	I	3	{1,0,0,6,38,290,1082,2608,2536}	4	0-1,0-3,0-4,2*0-5,0-7,1-2,1-3,2*1-7,2*2-3,2*2-4,2*2-5,2*2-6,2-7,2*3-5,3-6,2*3-7,2*4-6,4-7,2*5-6,2*5-7
8	I	3	{1,0,0,6,38,290,1082,2608,2536}	4	0-1,2*0-3,2*0-4,2*0-6,0-7,2*1-3,2*1-4,2*1-5,2*1-7,2*2-3,2*2-4,2-5,2-6,3-5,2*3-6,3-7,2*4-5,4-6,2*4-7,2*5-6,2*5-7,6-7
8	I	3	{1,0,0,6,38,290,1082,2608,2536}	4	2*0-1,0-2,0-3,2*0-4,0-5,2*0-6,0-7,1-2,2*1-3,1-6,1-7,2*2-4,2-5,2*2-7,3-5,3-7,4-6,2*4-7,5-6
8	I	3	{1,0,0,6,38,290,1082,2608,2536}	6	0-1,2*0-2,0-3,2*0-4,1-2,2*1-4,2*1-5,1-7,2*2-3,2-5,2-7,3-4,2*3-5,4-5,2*4-6,4-7,5-7,6-7
8	I	3	{1,0,0,6,38,290,1082,2608,2536}	8	0-1,0-2,0-4,2*0-5,0-6,2*0-7,2*1-2,2*1-4,2*1-6,2-5,2-7,2*3-4,2*3-5,3-6,3-7,4-5,4-6,5-7,6-7
8	I	3	{1,0,0,6,38,290,1082,2608,2536}	8	2*0-1,0-2,0-3,2*0-4,2*0-6,2*1-2,2*1-3,1-4,1-5,2*1-6,2-5,2-6,2*3-4,3-6,2*3-7,2*4-5,2*4-7,5-6,5-7,2*6-7
8	I	3	{1,0,0,6,42,274,1106,2592,2540}	2	0-1,2*0-2,0-5,0-6,2*1-3,2*1-4,1-5,2*1-6,1-7,2*2-3,2*2-4,2*2-5,2-7,2*3-4,2*3-5,3-7,4-5,2*4-6,6-7
8	I	3	{1,0,0,6,42,274,1106,2592,2540}	2	0-1,2*0-2,2*0-4,0-5,0-6,0-7,1-2,2*1-3,1-5,1-6,2*2-3,2*2-4,2-5,2*2-6,2*2-7,3-5,3-6,2*3-7,2*4-5,4-7,6-7
8	I	3	{1,0,0,6,42,274,1106,2592,2540}	2	0-1,2*0-2,2*0-4,2*0-5,0-7,2*1-2,1-3,2*1-6,1-7,2-3,2*2-4,2-5,3-5,3-6,2*4-5,4-6,2*4-7,2*5-6,2*5-7,2*6-7
8	I	3	{1,0,0,6,42,274,1106,2592,2540}	2	2*0-1,0-2,2*0-4,0-5,2*0-7,1-2,1-3,1-6,2*1-7,2-3,2*2-4,2*2-5,3-5,3-6,2*4-5,4-6,2*4-7,5-6,5-7,6-7
8	I	3	{1,0,0,6,42,274,1106,2592,2540}	2	2*0-1,0-3,0-5,2*0-6,2*0-7,1-2,2*1-3,1-4,2*1-6,2*1-7,2*2-4,2*2-5,2*2-6,2*2-7,2*3-4,2*3-5,2*3-7,4-7,2*5-7
8	I	3	{1,0,0,6,42,274,1106,2592,2540}	2	2*0-2,2*0-3,0-4,2*0-5,0-6,1-2,1-3,2*1-4,1-5,1-6,2*1-7,2*2-4,2-5,2*2-6,2-7,2*3-4,2*3-5,2*3-7,2*4-6,5-7,2*6-7
8	I	3	{1,0,0,6,42,274,1106,2592,2540}	4	0-1,2*0-2,0-3,2*0-4,2*0-5,0-6,2*1-2,2*1-4,1-5,2*1-7,2*2-3,2-6,2-7,2*3-6,2*3-7,2*4-5,4-7,2*5-6
8	I	3	{1,0,0,6,42,274,1106,2592,2540}	4	0-1,2*0-2,2*0-3,0-4,0-5,2*0-6,1-2,2*1-4,2*1-6,1-7,2*2-3,2*2-5,2*2-7,2*3-5,2*3-7,2*4-6,4-7,5-6
8	I	3	{1,0,0,6,42,274,1106,2592,2540}	4	2*0-1,2*0-2,2*0-3,0-4,2*0-6,2*0-7,1-2,1-3,1-4,1-5,1-6,1-7,2-4,2-5,2*2-7,3-4,3-5,2*3-6,4-5,2*5-6,2*5-7,6-7
8	I	3	{1,0,0,6,42,274,1106,2592,2540}	4	2*0-1,2*0-2,2*0-3,0-5,0-6,0-7,1-2,1-3,2*1-4,1-5,2*1-6,2*1-7,2*2-3,2*2-4,2-5,2-7,2*3-4,3-5,3-6,2*4-5,2*4-6,2*4-7,6-7
8	I	3	{1,0,0,6,42,274,1106,2592,2540}	6	2*0-2,2*0-5,0-6,2*0-7,2*1-2,2*1-4,1-6,1-7,2-3,2*2-4,2*2-6,2*3-4,2*3-5,3-6,2*4-5,4-7,2*5-6,5-7
8	I	3	{1,0,0,6,42,274,1106,2592,2540}	8	0-1,0-2,0-3,2*1-2,1-3,2*1-5,2*1-6,2*2-3,2*2-4,2-6,2-7,3-4,3-5,2*3-7,2*4-6,4-7,5-6,2*5-7,2*6-7
8	I	3	{1,0,0,6,42,274,1106,2592,2540}	8	0-5,0-6,2*0-7,1-2,2*1-3,1-5,1-7,2*2-4,2-5,2-7,3-4,3-6,3-7,4-6,4-7,2*5-7,2*6-7
8	I	3	{1,0,0,6,42,274,1106,2592,2540}	8	2*0-1,2*0-2,2*0-3,2*1-2,1-3,2*1-4,2*1-6,2-3,2-4,2-5,2-7,2*3-5,3-6,2*3-7,2*4-6,2*4-7,5-6,5-7,2*6-7
8	I	3	{1,0,0,6,50,242,1154,2560,2548}	24	2*0-1,2*0-2,2*0-3,1-2,1-4,2*1-5,2*1-6,2-3,2-4,2-6,3-4,3-5,4-5,2*4-6,2*4-7,5-7,2*6-7
8	I	3	{1,0,0,6,50,242,1154,2560,2548}	4	0-1,2*0-3,0-5,0-6,2*1-4,1-5,1-6,2-3,2*2-4,2-5,2*2-6,2*2-7,2*3-4,2*3-5,3-7,2*4-6,2*4-7,2*5-6,2*5-7,6-7
8	I	3	{1,0,0,6,50,242,1154,2560,2548}	4	2*0-1,0-2,2*0-3,2*0-4,0-6,2*1-2,1-3,2*1-4,2*1-5,1-6,2*1-7,2*2-4,2-5,2-6,2-7,2*3-4,3-5,3-6,4-5,5-6,2*6-7
8	I	3	{1,0,0,6,50,242,1154,2560,2548}	6	2*0-1,2*0-2,2*0-4,0-5,2*0-6,0-7,2*1-3,2*1-4,2*1-5,1-7,2-3,2*2-4,2-6,2*3-5,2*3-7,4-6,2*4-7,2*5-6,2*5-7
8	I	3	{1,0,0,6,54,226,1178,2544,2552}	12	2*0-1,2*0-2,2*0-3,0-4,0-5,0-6,0-7,2*1-2,1-3,1-5,2*1-6,1-7,2-3,2-4,2-6,2*2-7,2*3-4,2*3-5,3-6,3-7,2*4-5,2*4-6,2*5-7
8	I	3	{1,0,0,8,40,280,1080,2624,2528}	12	0-1,0-2,0-3,0-4,0-5,0-6,1-2,1-5,2*1-6,2*1-7,2*2-5,2-6,2-7,2*3-4,3-6,2*3-7,4-5,4-7,2*5-6
8	I	3	{1,0,0,8,40,280,1080,2624,2528}	16	0-4,0-5,0-6,0-7,1-2,2*1-3,1-4,2*1-5,2*2-3,2*2-4,2-6,2*2-7,2*3-5,2*3-6,3-7,2*4-6,2*5-7
8	I	3	{1,0,0,8,40,280,1080,2624,2528}	16	2*0-1,0-2,0-4,0-6,1-2,1-4,2*1-6,2*1-7,2-4,2*2-5,2*2-7,3-4,3-5,3-6,2*3-7,2*4-5,2*4-6,2*6-7
8	I	3	{1,0,0,8,40,280,1080,2624,2528}	2	2*0-2,2*0-3,2*0-5,2*0-6,2*0-7,2*1-2,1-3,2*1-4,2*1-6,2*1-7,2*2-4,2*2-5,2-6,2-7,3-5,2*3-7,4-5,2*4-6,5-6,2*5-7,2*6-7
8	I	3	{1,0,0,8,40,280,1080,2624,2528}	4	0-1,0-2,2*0-4,2*0-5,0-6,2*1-2,1-3,2*1-5,1-7,2*2-4,2*2-7,2*3-4,3-5,3-7,4-6,5-6,2*6-7
8	I	3	{1,0,0,8,40,280,1080,2624,2528}	4	0-2,0-3,0-5,2*0-6,2*0-7,2*1-6,1-7,2*2-3,2-4,2-7,2*3-4,3-6,4-5,4-6,2*4-7,2*5-6,2*5-7
8	I	3	{1,0,0,8,40,280,1080,2624,2528}	480	2*0-2,2*0-3,2*0-4,0-5,2*0-7,1-2,2*1-3,2*1-4,1-5,2*1-7,2*3-4,3-5,3-6,3-7,2*4-5,4-6,2*4-7,5-6
8	I	3	{1,0,0,8,40,280,1080,2624,2528}	48	0-2,0-3,2*0-5,2*0-6,1-2,2*1-3,2*1-5,2*1-7,2*2-5,2-6,2-7,2*3-6,3-7,4-5,4-6,4-7,5-6,5-7,6-7
8	I	3	{1,0,0,8,40,280,1080,2624,2528}	8	2*0-1,2*0-2,2*0-3,0-4,0-5,2*0-6,1-3,2*1-4,1-6,1-7,2-3,2-4,2*2-5,2*2-6,2-7,3-5,3-7,2*4-5,4-6,4-7
8	I	3	{1,0,0,8,40,280,1080,2624,2528}	8	2*0-1,2*0-2,2*0-5,2*0-6,0-7,1-2,1-3,2*1-4,2*1-6,1-7,2*2-3,2*2-6,2*2-7,3-4,3-5,2*3-7,2*4-5,4-6,2*4-7,5-6,2*5-7,6-7
8	I	3	{1,0,0,8,40,280,1080,2624,2528}	8	2*0-2,0-3,0-4,2*0-5,1-2,1-3,1-4,1-6,2*2-3,2-5,2-6,2*3-4,2*3-5,3-6,4-5,2*4-7,5-6,5-7,2*6-7
8	I	3	{1,0,0,8,40,280,1080,2624,2528}	96	2*0-1,0-2,2*0-5,2*0-7,2*1-2,1-3,1-4,1-5,2-3,2-4,2*2-7,3-4,2*3-5,3-7,2*4-5,2*4-6,2*4-7,5-6,2*5-7,6-7
8	I	3	{1,0,0,8,44,264,1104,2608,2532}	16	0-2,0-3,2*0-6,2*0-7,1-2,1-3,1-4,1-5,2*2-4,2-6,2*3-5,3-7,4-5,2*4-6,4-7,5-6,2*5-7,6-7
8	I	3	{1,0,0,8,44,264,1104,2608,2532}	16	2*0-2,2*0-3,0-6,0-7,2*1-2,2*1-3,2*1-4,2*1-5,2-5,2*2-6,3-4,2*3-7,2*4-5,2*4-6,4-7,5-6,2*5-7,2*6-7
8	I	3	{1,0,0,8,44,264,1104,2608,2532}	2	2*0-2,0-3,2*0-5,0-6,0-7,1-2,1-3,2*1-4,2*1-5,1-7,2*2-3,2*2-4,2-5,2-6,2*2-7,3-4,3-5,3-6,3-7,4-6,2*4-7,5-6,5-7
8	I	3	{1,0,0,8,44,264,1104,2608,2532}	2	2*0-2,2*0-3,0-5,0-6,0-7,1-2,2*1-3,1-4,1-5,1-7,2*2-3,2*2-4,2-5,2*2-6,2-7,2*3-4,2*3-5,3-6,3-7,4-6,2*4-7,5-6,5-7
8	I	3	{1,0,0,8,44,264,1104,2608,2532}	4	0-1,0-2,0-3,2*0-4,2*0-5,1-2,1-3,1-4,1-5,2*2-3,2*2-5,2-6,3-4,3-7,4-5,2*4-7,5-6
8	I	3	{1,0,0,8,44,264,1104,2608,2532}	4	0-1,2*0-2,2*0-3,2*0-5,1-2,1-3,1-4,2-4,2-5,2*2-7,3-4,3-5,2*3-6,4-6,4-7,2*5-6,2*5-7,6-7
8	I	3	{1,0,0,8,44,264,1104,2608,2532}	4	0-1,2*0-5,0-6,0-7,1-4,2*1-6,2*1-7,2*2-3,2*2-4,2-5,2-6,2*3-4,3-5,3-7,2*4-6,2*4-7,2*5-6,2*5-7,6-7
8	I	3	{1,0,0,8,44,264,1104,2608,2532}	4	2*0-1,0-2,2*0-3,0-4,0-6,0-7,1-2,2*1-4,2*1-5,2*1-6,2-3,2-4,2*2-5,2-7,2*3-4,2*3-5,3-7,5-6,2*5-7,6-7
8	I	3	{1,0,0,8,44,264,1104,2608,2532}	4	2*0-1,2*0-2,2*0-3,0-4,2*0-5,0-6,0-7,2*1-2,2*1-3,2*1-4,1-5,1-6,1-7,2-3,2*2-4,2*2-5,2-6,2*2-7,2*3-4,2*3-5,2*3-6,3-7,2*4-5,4-6,5-7,6-7
8	I	3	{1,0,0,8,44,264,1104,2608,2532}	8	0-2,0-4,2*0-6,2*0-7,1-2,1-3,1-4,1-7,2*2-3,2*2-6,2-7,2*3-4,2*3-6,2*4-5,4-6,2*5-6,2*5-7,2*6-7
8	I	3	{1,0,0,8,44,264,1104,2608,2532}	8	0-3,2*0-4,2*0-6,2*0-7,2*1-2,2*1-3,2*1-5,2*1-6,2*1-7,2-4,2-5,2-7,2*3-6,3-7,4-5,2*4-6,2*4-7,2*5-6,2*5-7,6-7
8	I	3	{1,0,0,8,44,264,1104,2608,2532}	8	2*0-1,0-2,0-4,0-5,0-6,1-2,2*1-3,2*1-5,1-6,2*2-4,2*2-6,2-7,2*3-5,2*3-6,3-7,4-5,4-7,2*5-6,2*5-7,2*6-7
8	I	3	{1,0,0,8,44,264,1104,2608,2532}	8	2*0-2,0-5,0-6,2*0-7,1-2,1-3,1-4,1-6,2*1-7,2-6,2-7,2*3-4,2*3-5,3-7,2*4-5,4-6,2*4-7,5-6,2*5-7,6-7
8	I	3	{1,0,0,8,52,232,1152,2576,2540}	12	0-1,2*0-2,0-4,2*0-5,0-6,0-7,2*1-3,2*1-4,1-5,1-6,1-7,2*2-3,2*2-4,2-5,2*2-6,3-4,2*3-5,2*3-7,4-5,4-6,2*4-7,6-7
8	I	3	{1,0,0,8,52,232,1152,2576,2540}	24	0-1,2*0-2,2*0-3,2*0-4,2*0-7,2*1-3,2*1-4,2*1-6,1-7,2-4,2-6,2*2-7,3-4,3-7,2*4-5,2*4-6,2*4-7,5-6,2*5-7,6-7
8	I	3	{1,0,0,8,52,232,1152,2576,2540}	4	2*0-1,0-2,0-5,0-6,2*1-2,1-3,2*1-4,1-6,2*1-7,2-3,2*2-4,2*2-5,2-7,2*3-4,3-6,3-7,4-5,4-7,2*5-6
8	I	3	{1,0,0,8,56,216,1176,2560,2544}	16	2*0-1,2*0-6,0-7,1-4,2*1-5,2*2-3,2-4,2-5,2-6,2-7,2*3-4,2*3-5,2*4-6,2*5-7,2*6-7
8	I	4	{1,0,0,0,32,320,1088,2560,2560}	12	2*0-1,0-3,2*0-6,2*0-7,1-2,1-4,2*1-6,2*1-7,2-5,2*2-6,2*2-7,3-5,2*3-6,3-7,2*4-5,2*4-6,4-7,2*5-6,5-7
8	I	4	{1,0,0,0,32,320,1088,2560,2560}	16	0-1,2*0-2,0-3,2*0-5,2*0-6,2*0-7,1-4,1-5,2*1-6,2*1-7,2-3,2-4,2-5,2*2-6,2-7,3-4,3-6,3-7,4-5,2*4-7,5-6,2*5-7
8	I	4	{1,0,0,0,32,320,1088,2560,2560}	2	0-3,0-4,2*0-5,2*0-6,2*0-7,2*1-2,1-4,1-5,1-6,2*1-7,2*2-3,2-4,2*2-6,2*3-5,3-7,4-5,2*6-7
8	I	4	{1,0,0,0,32,320,1088,2560,2560}	24	2*0-1,0-2,2*0-5,0-6,1-5,1-6,2*1-7,2*2-3,2-4,2*2-5,2-6,2*2-7,2*3-4,2*3-5,2*3-6,2*3-7,4-5,2*4-6,5-6,5-7,6-7
8	I	4	{1,0,0,0,32,320,1088,2560,2560}	24	2*0-1,0-3,0-4,0-5,2*0-6,1-2,1-4,1-5,2*1-7,2*2-3,2-5,2*2-7,3-4,2*3-6,4-7,5-6
8	I	4	{1,0,0,0,32,320,1088,2560,2560}	32	0-1,2*0-2,0-3,2*0-4,2*0-6,1-3,1-4,1-5,2*1-6,2-3,2-5,2-6,4-5,2*4-6,4-7,5-7,6-7
8	I	4	{1,0,0,0,32,320,1088,2560,2560}	32	2*0-3,2*0-4,2*0-5,2*0-6,2*0-7,2*1-2,2*1-4,2*1-5,1-6,1-7,2-3,2*2-4,2*2-5,2*2-6,2*2-7,2*3-4,2*3-5,3-6,3-7,2*4-6,4-7,5-6,2*5-7
8	I	4	{1,0,0,0,32,320,1088,2560,2560}	384	2*0-1,0-2,0-3,0-4,2*0-6,1-3,1-5,2*1-6,2-3,2*2-4,2*2-5,2-6,2*4-5,4-7,5-6,5-7,6-7
8	I	4	{1,0,0,0,32,320,1088,2560,2560}	512	0-1,0-2,0-3,2*0-4,0-5,2*0-6,0-7,1-2,1-3,1-4,2*1-5,2*1-6,1-7,2-3,2-6,2*2-7,4-6,4-7,5-6,5-7
8	I	4	{1,0,0,0,32,320,1088,2560,2560}	8	0-1,2*0-2,0-3,0-4,2*0-6,2*0-7,2*1-3,1-4,1-5,2*1-6,2*1-7,2*2-3,2*2-5,2*2-6,2*3-5,2*3-7,4-6,4-7,5-6,2*5-7
8	I	4	{1,0,0,0,36,304,1112,2544,2564}	16	0-1,0-3,0-4,0-5,0-7,1-2,2*1-3,2*1-4,2*1-6,2*1-7,2*2-3,2-5,2*2-6,4-6,2*4-7,5-6,5-7,2*6-7
8	I	4	{1,0,0,0,36,304,1112,2544,2564}	16	0-1,0-3,0-5,2*0-7,1-2,1-4,2*1-5,2-3,2*2-4,2-6,2*3-6,3-7,2*4-5,2*4-6,2*5-7,2*6-7
8	I	4	{1,0,0,0,36,304,1112,2544,2564}	16	0-1,0-4,0-6,0-7,1-5,1-6,1-7,2-3,2-4,2-5,2-6,3-4,3-5,3-7,2*4-5,2*6-7
8	I	4	{1,0,0,0,36,304,1112,2544,2564}	16	0-2,0-3,0-4,0-5,2*0-7,1-2,2*1-3,2*1-4,1-5,1-6,1-7,2*2-3,2*2-5,2-6,2*4-6,2*4-7,2*5-6,5-7,2*6-7
8	I	4	{1,0,0,0,36,304,1112,2544,2564}	2	0-1,2*0-2,2*0-3,0-4,0-5,0-6,0-7,1-2,2*1-3,2*1-4,1-5,2*1-6,1-7,2*2-5,2-6,2*3-4,2*3-7,2*4-5,6-7
8	I	4	{1,0,0,0,36,304,1112,2544,2564}	24	0-2,0-3,2*0-4,0-7,1-2,2*1-4,2*1-5,2*1-7,2-3,2-6,2*2-7,3-5,3-6,3-7,4-5,4-6,2*4-7,5-6,5-7,2*6-7
8	I	4	{1,0,0,0,36,304,1112,2544,2564}	24	2*0-2,2*0-3,0-4,0-7,1-3,2*1-4,2*1-5,1-7,2*2-3,2*2-5,2*2-6,2-7,2*3-6,2*3-7,2*4-5,2*4-6,2*4-7,2*5-6,5-7,2*6-7
8	I	4	{1,0,0,0,36,304,1112,2544,2564}	32	2*0-2,2*0-3,2*0-4,2*0-5,0-6,2*0-7,2*1-2,2*1-3,1-4,1-5,1-6,2*1-7,2*2-3,2*2-5,2-6,3-5,2*3-7,2*4-5,2*4-6,2*4-7
8	I	4	{1,0,0,0,36,304,1112,2544,2564}	4	0-1,0-2,0-5,0-6,0-7,2*1-2,1-4,1-6,2*1-7,2*2-3,2-4,2-5,2*2-6,2-7,3-4,3-5,2*3-6,2*3-7,4-5,2*4-7,5-6
8	I	4	{1,0,0,0,36,304,1112,2544,2564}	4	0-1,0-3,2*0-6,0-7,2*1-2,1-6,1-7,2-3,2*2-4,2-6,2-7,3-5,2*3-6,3-7,4-5,2*4-6,2*4-7,5-6,2*5-7,2*6-7
8	I	4	{1,0,0,0,36,304,1112,2544,2564}	4	0-1,0-4,0-5,0-6,0-7,2*1-2,2*1-4,1-5,1-6,2*1-7,2*2-3,2-5,2-6,2*2-7,3-4,2*3-5,3-6,3-7,2*4-6,4-7,2*5-6,2*5-7,2*6-7
8	I	4	{1,0,0,0,36,304,1112,2544,2564}	4	0-2,2*0-3,0-4,2*0-5,0-6,0-7,1-2,1-3,1-4,2*1-6,1-7,2*2-4,2-5,2-6,2*2-7,3-5,2*3-6,2*3-7,4-7,5-7,6-7
8	I	4	{1,0,0,0,36,304,1112,2544,2564}	4	0-4,0-5,0-6,0-7,1-2,2*1-3,2*1-4,1-5,1-7,2-3,2*2-4,2-5,2*2-6,3-4,3-5,2*3-6,2*3-7,4-5,4-7,5-6,2*6-7
8	I	4	{1,0,0,0,36,304,1112,2544,2564}	4	2*0-1,0-2,0-5,0-6,1-3,1-4,1-7,2-3,2-5,2*2-6,3-4,2*3-7,2*4-6,2*4-7,2*5-6,2*5-7
8	I	4	{1,0,0,0,36,304,1112,2544,2564}	4	2*0-1,2*0-2,0-5,2*0-6,2*0-7,1-2,1-4,2*1-6,1-7,2-3,2-4,2-5,2-6,2*2-7,3-4,3-5,3-6,3-7,2*4-5,2*4-7,5-6
8	I	4	{1,0,0,0,36,304,1112,2544,2564}	4	2*0-2,0-3,0-4,2*0-5,2*0-6,0-7,1-2,1-3,1-4,1-6,1-7,2*2-5,2*2-6,2-7,3-4,2*3-5,3-6,3-7,2*4-7,2*5-7,6-7
8	I	4	{1,0,0,0,36,304,1112,2544,2564}	4	2*0-3,0-4,0-5,0-6,2*1-2,1-4,1-5,1-7,2-5,2*2-6,2*2-7,3-4,2*3-6,2*3-7,2*4-5,2*4-7,2*5-6,6-7
8	I	4	{1,0,0,0,36,304,1112,2544,2564}	4	2*0-4,2*0-5,2*0-6,2*0-7,1-2,2*1-3,2*1-4,1-5,2*1-6,2*2-3,2-4,2*2-5,2*2-7,3-4,3-5,2*3-6,2*3-7,2*4-5,2*4-7,2*5-6,6-7
8	I	4	{1,0,0,0,36,304,1112,2544,2564}	48	0-1,0-5,2*0-6,2*0-7,2*1-3,2*1-4,1-6,2*1-7,2-3,2-4,2-5,2-6,2-7,3-5,2*3-6,3-7,4-6,2*4-7,2*5-6,2*5-7,6-7
8	I	4	{1,0,0,0,36,304,1112,2544,2564}	48	2*0-1,0-4,2*0-6,0-7,2*1-2,2*1-5,1-6,1-7,2*2-3,2*2-4,2-6,2-7,2*3-4,2*3-5,2*3-6,3-7,4-6,2*4-7,2*5-6,2*5-7,6-7
8	I	4	{1,0,0,0,36,304,1112,2544,2564}	8	0-2,0-3,0-5,0-7,1-2,1-3,1-4,2*1-7,2*2-5,2-6,2*3-4,2*3-6,4-6,2*4-7,2*5-6,5-7,6-7
8	I	4	{1,0,0,0,36,304,1112,2544,2564}	8	2*0-2,2*0-3,0-4,2*0-6,2*1-2,2*1-3,1-5,1-6,2*2-4,2-7,2*3-5,2*3-7,4-6,4-7,2*5-6,2*5-7,6-7
8	I	4	{1,0,0,0,36,304,1112,2544,2564}	96	0-1,0-3,2*0-4,0-5,2*1-2,1-3,2*1-4,2*1-5,1-7,2-3,2-4,2-7,2*4-6,2*4-7,2*5-6,5-7,2*6-7
8	I	4	{1,0,0,0,44,272,1160,2512,2572}	16	0-2,2*0-3,2*0-4,0-5,2*0-6,2*0-7,2*1-2,2*1-4,2*1-5,1-7,2-4,2*2-5,2-6,2-7,3-4,3-5,2*3-7,4-7,2*5-6,2*5-7,2*6-7
8	I	4	{1,0,0,0,44,272,1160,2512,2572}	16	2*0-1,0-2,0-4,0-5,0-6,1-2,2*1-3,1-5,2*1-6,2-3,2*2-4,2*2-7,2*3-4,2*3-6,3-7,4-5,2*6-7
8	I	4	{1,0,0,0,44,272,1160,2512,2572}	16	2*0-1,2*0-3,2*0-4,2*0-5,2*0-6,2*1-2,1-3,1-5,2*1-6,2*2-3,2-4,2-6,2-7,3-4,2*3-7,2*4-5,2*6-7
8	I	4	{1,0,0,0,44,272,1160,2512,2572}	32	2*0-1,0-4,0-5,0-6,0-7,2*1-2,2*1-3,1-4,1-5,2*2-3,2-4,2*2-5,2*2-7,2*3-4,3-5,2*3-6,4-5,4-6,2*4-7,2*5-6,5-7
8	I	4	{1,0,0,0,44,272,1160,2512,2572}	4	0-1,0-2,2*0-4,2*0-6,0-7,1-3,2*1-5,1-6,2*1-7,2-3,2*2-4,2-5,2*2-7,3-4,2*3-5,2*3-6,4-6,5-7,2*6-7
8	I	4	{1,0,0,0,44,272,1160,2512,2572}	4	0-2,0-3,2*0-4,0-6,0-7,2*1-2,1-3,2*1-4,1-5,1-7,2-4,2-5,3-4,3-6,2*4-7,5-6,5-7,2*6-7
8	I	4	{1,0,0,0,44,272,1160,2512,2572}	4	2*0-1,2*0-2,2*0-5,0-6,2*0-7,2*1-3,2*1-4,2*1-6,1-7,2*2-3,2-4,2*2-5,2*2-6,2*3-4,3-5,2*3-7,2*4-6,2*5-7,6-7
8	I	4	{1,0,0,0,44,272,1160,2512,2572}	4	2*0-2,2*0-3,2*0-5,0-6,2*0-7,2*1-2,1-3,2*1-4,1-5,1-7,2-4,2-5,3-5,3-6,2*4-6,4-7,2*5-7,2*6-7
8	I	4	{1,0,0,0,44,272,1160,2512,2572}	8	0-1,0-2,2*0-3,0-6,2*0-7,2*1-2,1-3,1-4,2*1-5,2*2-3,2*2-5,2-7,2*3-4,3-6,4-5,4-6,4-7,5-6,5-7,6-7
8	I	4	{1,0,0,0,44,272,1160,2512,2572}	8	2*0-1,0-4,0-5,2*0-6,2*0-7,1-2,2*1-3,2*1-5,1-7,2*2-3,2*2-4,2*2-7,2*3-5,2*3-6,2*4-5,4-6,2*6-7
8	I	4	{1,0,0,0,44,272,1160,2512,2572}	8	2*0-1,2*0-2,2*0-3,2*0-4,2*0-5,2*0-7,2*1-2,2*1-3,1-5,1-6,1-7,2*2-4,2-7,2*3-5,3-6,2*4-5,2*4-6,2*6-7
8	I	4	{1,0,0,0,44,272,1160,2512,2572}	8	2*0-2,0-4,0-5,2*0-7,1-2,1-3,1-4,1-6,1-7,2-4,2*2-5,2*2-6,2-7,3-4,3-6,2*3-7,2*4-7,5-6,5-7,2*6-7
8	I	4	{1,0,0,0,44,272,1160,2512,2572}	8	2*0-2,0-4,0-5,2*0-7,1-2,1-3,1-5,2*1-6,1-7,2-4,2*2-5,2*2-6,2*2-7,2*3-5,3-6,3-7,4-6,2*4-7,5-7,2*6-7
8	I	4	{1,0,0,0,48,256,1184,2496,2576}	12	0-2,0-3,0-5,0-7,2*1-2,1-3,1-4,2*1-5,1-6,1-7,2-4,2-6,2-7,3-4,3-5,3-7,2*4-7,2*5-6,2*5-7,6-7
8	I	4	{1,0,0,0,48,256,1184,2496,2576}	12	2*0-2,2*0-3,2*0-4,2*0-5,0-6,2*0-7,1-3,1-4,1-6,2*1-7,2-3,2-6,2-7,3-5,3-7,2*4-5,2*4-6,2*4-7,2*5-7,6-7
8	I	4	{1,0,0,0,48,256,1184,2496,2576}	128	0-1,0-2,0-4,2*0-6,2*1-3,1-4,2*1-7,2-4,2*2-5,2-6,2*3-4,3-5,2*3-7,2*4-5,4-6,4-7,2*6-7
8	I	4	{1,0,0,0,48,256,1184,2496,2576}	192	0-1,2*0-2,2*0-3,0-4,0-5,2*0-6,0-7,1-2,2*1-4,2*1-7,2*2-3,2-4,2*2-5,2-6,2-7,2*3-4,2*3-7,4-5,4-6,4-7,5-6,2*5-7,2*6-7
8	I	4	{1,0,0,0,48,256,1184,2496,2576}	192	0-3,0-4,2*0-5,2*0-6,0-7,1-2,1-3,1-4,2*1-5,1-6,2*1-7,2-3,2*2-4,2-5,2*4-5,2*4-7,2*5-6,2*6-7
8	I	4	{1,0,0,0,48,256,1184,2496,2576}	2	2*0-1,2*0-2,2*0-3,0-4,1-2,2*1-3,1-5,2-3,2-5,2-6,2-7,3-4,3-6,2*3-7,4-5,2*4-6,2*4-7,2*5-6,5-7,6-7
8	I	4	{1,0,0,0,48,256,1184,2496,2576}	32	0-1,2*0-2,0-3,0-5,2*0-6,1-2,2*1-3,1-4,1-6,2*2-3,2*2-4,2*2-5,2*4-5,4-6,4-7,5-7,6-7
8	I	4	{1,0,0,0,48,256,1184,2496,2576}	32	2*0-1,0-2,0-3,0-5,2*0-6,2*1-2,2*1-3,1-4,1-6,2*2-3,2*2-4,2*2-5,4-5,2*4-6,4-7,5-7,6-7
8	I	4	{1,0,0,0,48,256,1184,2496,2576}	32	2*0-1,2*0-2,2*0-4,2*0-5,2*0-6,0-7,2*1-2,2*1-3,2*1-5,1-7,2-4,2*2-5,2*3-4,3-5,3-6,3-7,2*4-5,2*4-6,2*4-7,6-7
8	I	4	{1,0,0,0,48,256,1184,2496,2576}	8	0-1,0-2,2*0-3,2*0-4,0-6,2*1-2,1-3,2*1-5,1-7,2*2-3,2-4,2*2-7,3-5,2*3-6,2*4-5,2*4-6,4-7,5-6,2*5-7,6-7
8	I	4	{1,0,0,0,48,256,1184,2496,2576}	8	0-1,2*0-3,2*0-4,0-5,2*0-7,2*1-2,1-4,2*1-5,2*1-6,2*2-3,2*2-4,2*2-6,2*3-5,2*3-7,4-5,4-6,4-7,5-6,5-7,2*6-7
8	I	4	{1,0,0,0,48,256,1184,2496,2576}	8	0-1,2*0-3,2*0-5,2*0-7,2*1-2,2*1-4,2*1-6,2-4,2*2-5,2*2-6,2*2-7,2*3-4,3-5,2*3-6,2*3-7,4-7,5-6
8	I	4	{1,0,0,0,60,208,1256,2448,2588}	12	0-1,0-2,2*0-4,0-5,0-7,1-2,1-3,1-4,1-5,2*1-6,2*1-7,2-4,2-6,2-7,2*3-4,3-5,2*3-7,4-7,2*5-6,2*5-7,2*6-7
8	I	4	{1,0,0,0,60,208,1256,2448,2588}	12	2*0-1,2*0-2,2*0-4,0-5,2*0-7,2*1-2,2*1-3,2*1-4,2*1-5,2*1-6,1-7,2*2-5,2-6,2*2-7,2*3-4,3-5,3-7,2*4-6,4-7,2*5-7,2*6-7
8	I	4	{1,0,0,0,60,208,1256,2448,2588}	24	0-2,0-3,2*0-5,2*0-6,2*0-7,2*1-3,1-4,1-5,2*1-6,2*1-7,2-3,2*2-4,2-7,3-6,2*3-7,4-5,4-7,5-6,2*5-7,2*6-7
8	I	4	{1,0,0,0,60,208,1256,2448,2588}	24	2*0-2,2*0-3,0-5,0-6,2*0-7,2*1-3,1-4,1-5,2*1-6,1-7,2*2-3,2-4,2-7,2*3-6,2*3-7,2*4-5,4-7,2*5-6,2*5-7,2*6-7
8	I	4	{1,0,0,0,60,208,1256,2448,2588}	288	0-1,0-3,0-4,2*0-5,1-2,1-3,1-4,2*1-7,2-3,2*2-4,2*2-5,2*2-7,2*4-5,4-6,2*4-7,5-6,5-7,2*6-7
8	I	4	{1,0,0,0,60,208,1256,2448,2588}	288	0-3,2*0-5,2*0-7,1-2,1-3,1-4,2*1-5,2-3,2-4,2-5,2*2-7,4-5,2*4-6,4-7,2*5-6,2*5-7,2*6-7
8	I	4	{1,0,0,0,60,208,1256,2448,2588}	32	0-1,0-4,2*0-5,2*0-6,2*0-7,2*1-3,2*1-4,2*1-5,1-7,2-3,2*2-4,2-5,2-6,2-7,3-4,3-5,2*3-7,2*4-6,2*4-7,5-7,2*6-7
8	I	4	{1,0,0,0,60,208,1256,2448,2588}	32	0-1,2*0-2,0-3,0-4,2*0-5,0-6,2*0-7,1-2,2*1-5,2*1-6,2*1-7,2-3,2-4,2*2-5,2*2-6,2-7,3-4,3-6,3-7,4-5,2*4-7,2*5-7,6-7
8	I	4	{1,0,0,0,60,208,1256,2448,2588}	32	2*0-1,2*0-2,2*0-5,2*0-6,0-7,1-2,2*1-3,1-4,2*1-5,1-6,1-7,2*2-3,2-4,2*2-5,2*2-6,2*2-7,3-4,3-6,2*3-7,2*4-5,2*4-7,2*5-7,6-7
8	I	4	{1,0,0,0,60,208,1256,2448,2588}	32	2*0-2,0-3,0-4,2*0-5,2*0-6,0-7,2*1-2,2*1-3,2*1-4,2*1-5,2*1-7,2*2-3,2*2-5,2-7,3-6,2*3-7,2*4-5,4-6,2*4-7,5-7,2*6-7
8	I	4	{1,0,0,0,60,208,1256,2448,2588}	8	0-1,2*0-3,2*0-4,2*0-5,2*0-7,2*1-5,2*1-6,1-7,2-3,2-4,2*2-6,2-7,3-4,3-5,2*3-7,4-6,4-7,2*5-6,2*5-7,2*6-7
8	I	4	{1,0,0,0,60,208,1256,2448,2588}	8	2*0-1,0-2,2*0-4,0-5,2*0-7,2*1-4,1-6,1-7,2*2-3,2-4,2*2-5,2*2-7,2*3-5,3-6,3-7,2*4-6,4-7,2*5-6,5-7,2*6-7
8	I	4	{1,0,0,0,68,176,1304,2416,2596}	16	2*0-2,2*0-3,0-5,0-6,0-7,1-2,2*1-6,1-7,2*2-3,2-4,2*2-5,2-6,2*2-7,2*3-4,2*3-6,2*3-7,2*4-5,2*4-7,2*5-6
8	I	4	{1,0,0,0,68,176,1304,2416,2596}	48	2*0-1,0-2,2*0-5,2*0-6,1-3,2*1-4,2*1-7,2*2-3,2-4,2-5,2*2-7,3-4,3-5,2*3-6,2*4-5,2*4-7,2*5-6
8	I	4	{1,0,0,0,68,176,1304,2416,2596}	96	0-2,0-3,0-4,2*0-5,2*0-6,2*0-7,2*1-2,2*1-3,2*1-4,2*1-5,2*1-6,2*1-7,2-3,2-4,2-5,3-4,3-7,4-6
8	I	4	{1,0,0,0,80,128,1376,2368,2608}	128	2*0-1,0-2,0-3,2*0-4,0-5,2*0-6,2*0-7,1-2,2*1-5,2*1-6,1-7,2-4,2-7,2*3-6,2*3-7,2*4-5,2*4-7,5-6,2*5-7,6-7
8	I	4	{1,0,0,0,84,112,1400,2352,2612}	672	0-2,2*0-3,2*0-4,0-5,0-7,2*1-2,2*1-3,1-4,2*1-6,1-7,2*2-4,2-5,2*2-7,2*3-5,3-6,2*3-7,2*4-6,2*4-7,2*5-6,2*5-7,6-7
8	I	4	{1,0,0,0,84,112,1400,2352,2612}	672	2*0-2,0-3,2*0-4,0-5,0-7,1-2,1-3,2*1-5,1-6,1-7,2*2-4,2-5,2*2-7,3-4,2*3-6,2*3-7,4-6,2*4-7,5-6,2*5-7,6-7
8	I	4	{1,0,0,0,96,64,1472,2304,2624}	4608	0-1,0-2,0-3,0-5,0-6,1-2,1-3,1-4,1-6,2-3,2-4,2-5,2*2-6,4-5,4-6,4-7,5-6,5-7,6-7
